Nita 0823777447,,,,
nita@nsound.co.za,,,,
,,,,
,,,,
TRIMPLATE,CARAV,,A/SUPERB,OTHER
AJ-MH-9I-04,,"9"" TO 7"" ADAPTER INSERT",6,
TY0066,,"10"" TO 9"" ADAPTER UV BLACK",7,
AJ-WN-TY0066,,"10"" TO 9"" ADAPTER UV BLACK",10,
LU066,,"10"" TO 9"" ADAPTER UV BLACK",,8
BEZZLE 8800,,BEZZLE FOR SS-AN-8800BTAC,112,
YE-AR004 (11-365),(11-365),ALFA MITO 2008 D/DIN,,1
PZ-25115 (11-007),(11-007),AUDI A3 S/DIN 2003-2008 & HARNESS,,4
"AJ-AD-006 (11-450 9"")","(11-450 9"")","AUDI A3 9"" D/DIN 2008-2012 & HARNESS",1,
"PZ-25116 (11-450 9"")","(11-450 9"")","AUDI A3 7"" D/DIN 2008-2012 & HARNESS",,2
FEA826 (11-450),(11-450),"AUDI A3 2002-2008 9"" & HARNESS",,2
PZ-25108 (11-003),(11-003),"AUDI A3 1996-1999 9"" & HARNESS",,3
PZ-25112 (11-005),(11-005),AUDI A4 A6 TT 1999-2002 & HARNESS,,3
FA-AUDI A4/B6 (11-457),(11-457),AUDI A4 S/D-DIN WITH POCKET 2004-2006 B6 2000-2006 ,,2
"AJ-AD-TK0827 (11-457 9"")","(11-457 9"")","AUDI A4 2002-2008 9"" & HARNESS",1,
"FEA827 (11-457 9"")","(11-457 9"")","AUDI A4 9"" 2002-2008 & HARNESS",,1
FEA0022,,"AUDI TT 9"" 1998-2006 & HARNESS",,1
FEA828 ,,"AUDI TT 9"" 1998-2006 & HARNESS",,2
PZ-22004 (11-011),(11-011),BMW E46 S/DIN 1998-2005,,9
AS-BMWE46 (11-011),(11-011),BMW E46 S/DIN 1998-2005,2,
AJ-BMW-001 (22-498),(22-498),"BMW E46 9"" D/DIN 1998-2005 & HARNESS",1,
FEA009 (22-498),,"BMW E46 9"" D/DIN 1998-2005 & HARNESS",,5
AJ-BMW-TK1011 (11-481),(11-481),"BMW 1 SERIES 9"" E81/E82/E87/E88 2004-2011 MANUAL AIRCON & HARNESS",1,
AJ-BMW-TK1012 (11-481),(11-481),"BMW 1 SERIES 9"" E81/E82/E87/E88 2012 AUTO AIRCON & HARNESS",1,
PZ-22160 (11-052),(11-052),BMW E90 S/DIN 2004-2012,,5
FEA010 (22-125),(22-125),"BMW E90 9"" D/DIN 2004-2012 & HARNESS",,5
FEA012 (22-041),(22-041),BMW X5 (E53) 1999-2006 / 5-SERIES (E39) 1995-2003 & HARNESS,,2
AJ-CHV-TK0243A (22-181),(22-181),CHEVROLET AVEO 2011-2013 & HARNESS,1,
FEA243 (22-181),(22-181),"CHEVROLET AVEO SONIC 9"" & HARNESS",,2
FEA216,,"CHEVROLET CAPTIVA 2017 10.1""/ 9"" & HARNESS",,4
FEA018 (22-945),(22-945),"CHEVROLET CAPTIVA AVEO 9"" 2007-2011 & HARNESS",,2
FEA045 (22-407),(22-407),"CHEVROLET CRUZE 9"" 2009 & HARNESS",,5
AJ-CHV-TK0045 (22-407),(22-407),"CHEVROLET CLASSIC CRUZE 9"" & HARNESS",1,
FEA013 (22-542),(22-542),"CHEVROLET SPARK 2010-2013, DAEWOO MATIZ 9"" D/DIN 2009-2011 & HARNESS",,1
AJ-CHV-TK0683 (22-180),(22-180),"CHEVROLET SPARK 2014, DAEWOO MATIZ 9"" D/DIN 2009-2011 & HARNESS",1,
FEA014 (22-180),(22-180),"CHEVROLET SPARK 9"" 2014-2015 & HARNESS",,1
FEA226 (22-270),(22-270),"DAIHATSU SIRION 9"" 2005-2008 10.1""/9 & HARNESS",,2
"FEA017 (11-204 9"")","(11-204 9"")","DAIHATSU TERIOS 9"" 2011 & HARNESS",,2
"FEA020 (11-204 9"")","(11-204 9"")","DAIHATSU TERIOS 9"" 2011 & HARNESS",,2
YE-TO052 (11-204),(11-204),"DAIHATSU TERIOS 7"" 20O6-2016/ TOYOTA RUSH 2006-2026 & HARNESS",,1
MFN039TO (11-204),(11-204),"DAIHATSU TERIOS 7"" 20O6-2016/ TOYOTA RUSH 2006-2026 & HARNESS",,1
YE-FI012 (11-282),(11-282),FIAT 500 S/DIN 2007-2015,,1
FAIT500 1DIN (11-282),(11-282),FIAT 500 S/DIN 2007-2015,,1
"FEA022 (11-322 9"")","(11-322 9"")","FIAT 500 9"" 2007-2015 & HARNESS",,1
FEA313,,"FOTON TAXI 9"" & HARNESS",,4
AJ-FR-035 (22-275),(22-275),"FORD EVEREST 2006-2011/MAZDA BT50 9"" D/DIN & HARNESS",1,
FEA109 (22-275),(22-275),"FORD EVEREST 2006-2011/MAZDA BT50 9"" D/DIN & HARNESS",,2
AS-FORD BANTAM ,,FORD BANTAM 2005-2011 FIESTA/IKON S/DIN 1995-2004 ,13,
PO-FORD BANTAM ,,FORD BANTAM 2005-2011 FIESTA/IKON S/DIN 1995-2004 ,,1
YE-FR011 (11-548),(11-548),FORD BANTAM 2005-2011 FIESTA/IKON D/DIN 1995-2004 & HARNESS,,1
FA-PZ-0005 (11-049),(11-049),FORD FIESTA 3 SLOT S/DIN-D/DIN 2001-2005,,1
FEA023 ,,"FORD FIESTA 9"" 2009 & HARNESS",,2
AJ-FD-001 ,,"FORD FIESTA 9"" D/DIN 2012-2014 WITH DISPLAY WITH SWITCHES & HARNESS",3,
FA-FORD FOCUS/FA-PZ-26058 (10-001),(10-001),FORD FIESTA/FOCUS/KUGA S/DIN-D/DIN WITH POCKET 2006-2008,,8
FEA028,,"FORD FIGO 9"" & HARNESS",,2
FA-FORD FIGO (11-047),(11-047),FORD FIGO S/DIN POCKET,,4
FEA902,,"FORD FIGO 9"" 2019+ & HARNESS",,1
FEA646,,"FORD FIGO 9"" 2019+ & HARNESS",,1
FA-YE-FR107N,,"FORD FIGO 9"" 2019+ & HARNESS",,2
AJ-FD-TK0767,,"FORD FIGO 9"" 2019 ASPIRE/FREESTYLE & HARNESS",1,
AJ-FD-TK0646,,"FORD FIGO 9"" 2019 ASPIRE UV BLACK & HARNESS",3,
AJ-FD-039,,FORD FIGO (FORD10) 2019-2021 & HARNESS,1,
FEA041 (22-630),(22-630),"FORD FOCUS 9"" 1999-2008 MANUAL AIRCON (SILVER) & HARNESS",,3
AJ-FD-006 (22-630),(22-630),"FORD FOCUS 9"" 1999-2008 MANUAL AIRCON (SILVER) & HARNESS",1,
AJ-FD-TK0041E (22-630),(22-630),"FORD FOCUS 9"" 1999-2008 MANUAL AIRCON & HARNESS",1,
"FEA032 (11-810 9"")","(11-810 9"")","FORD FOCUS/FIESTA 9"" 2006-2011 & HARNESS",,2
"FEA990 (11- 810 9"")","(11-810 9"")","FORD FOCUS/FIESTA 9"" 2006-2011 & HARNESS",,2
AJ-FD-008 (22-645),(22-645),"FORD FOCUS 9"" 2011-2018 & HARNESS",1,
PZ-0006 (11-681),(11-681),FORD KA S/DIN 1996-2008,,1
"AJ-FD-031 (11-276 9"")","(11-276 9"")","FORD KUGA/ESCAPE D/DIN 9"" 2007 & HARNESS",2,
YE-FR020 (11-159),(11-159),"FORD KUGA 2011 CMAX 2010+ 7"" WITH SWITCHES",,1
FEA024 (22-687),(22-687),"FORD KUGA D/DIN 9"" 2013 & HARNESS",,1
FEA033 (22-313),(22-313),"FORD RANGER T6 9"" D/DIN MANUAL AIRCON & SWITCHES 2012-2015 & HARNESS",,6
FA-FORD RANGER T7 (11-626),(11-626),"FORD RANGER T7 7"" D/DIN NO DISPLAY 2015+ & HARNESS",,1
AJ-FD-TK0617 T7 (22-621),(22-621),FORD RANGER T7 D/DIN NO DISPLAY 2015+ & HARNESS,3,
AJ-FD-024 (22-621),(22-621),FORD RANGER D/DIN NO DISPLAY 2015+/WITH CD MECH & HARNESS,1,
AJ-FD-028 (22-626),(22-626),"FORD RANGER 9"" D/DIN 2018 NO DISPLAY/NO CD & HARNESS",1,
FEA034 (22-626),(22-626),"FORD RANGER 9"" D/DIN 2018 NO DISPLAY/NO CD & HARNESS",,2
AJ-FD-029 (22-621),(22-621),FORD RANGER/EVEREST 2015+ WITH DISPLAY & CANBUS HARNESS,2,
AJ-FD-029-D (22-621),(22-621),FORD RANGER/EVEREST 2015+ WITH DISPLAY & CANBUS HARNESS,1,
"FEA680 (11-491 9"")","(11-491 9"")","FORD TRANSIT 9"" & HARNESS",,1
"AJ-FD-TK0680A (11-491 9"")","(11-491 9"")","FORD RANGER/TRANSIT/TOURNEO 9"" D/DIN 2017 & HARNESS",1,
AJ-CC-022,,"GWM STEED 6 9"" D/DIN 2017+ & HARNESS",2,
AJ-CC-030,,"GWM P SERIES 9"" D/DIN 2019+ & HARNESS",1,
FEA210 (11-544),(11-544),"GWM 10.1""/ 9"" D/DIN 2014 & HARNESS",,1
AJ-CC-017,,"HAVAL H1 10"" & HARNESS",2,
AJ-CC-012,,"HAVAL H2 9"" 2017 & HARNESS",1,
AJ-CC-009 (22-906),(22-906),"HAVAL H6 9"" 2018 & HARNESS",2,
AJ-HND-TK0669C ,,"HONDA ACCORD 10"" 2004 WITH ELEC BUTTONS & HARNESS",1,
"FEA045 (11-699 9"")","(11-699 9"")","HONDA BRV 9"" 2017 & HARNESS",,1
"FEA532 (11-699 9"")","(11-699 9"")","HONDA BRV 9"" 2017 & HARNESS",,1
"AJ-HND-TK0532 (11-699 9"")","(11-699 9"")","HONDA BRV 9"" 2017 RHD UV BLACK & HARNESS",1,
YE-HO035 (11-388),(11-388),"HONDA BRIO 7"" D/DIN 2011-2015",,5
"AJ-HND-TK0520 (11-507 10.1"")","(11-507 10.1"")","HONDA CITY 2014 (RIGHT) 10.1"" & HARNESS",1,
"FEA520 (11-507 10.1"")","(11-507 10.1"")","HONDA CITY 2014 (RIGHT) 10.1"" & HARNESS",,1
FEA121 (11-223),(11-223),"HONDA CIVIC TYPE-R 9"" 2005 & HARNESS",,3
FEA048 (22-218),(22-218),"HONDA CIVIC TYPE-R 9"" 2008 & HARNESS",,1
"FEA122 (11-344 9"")","(11-344 9"")","HONDA CIVIC HATCHBACH 9"" 2012-2017 & HARNESS",,2
AJ-HND-TK0110 (22-012),(22-012),"HONDA CRV 9"" 2006-2012 & HARNESS",1,
FA-FEA110 (22-012),(22-012),"HONDA CRV 9"" 2006-2012 & HARNESS",,1
FEA601 (22-671),(22-671),"HONDA JAZZ 10.1"" 2008-2013 & HARNESS",,1
YE-HO014 (11-220),(11-220),"HONDA JAZZ 7"" 2008-2013 ",,1
YE-HO031 (11-213),(11-213),"HONDA JAZZ 7"" MANUAL AIRCON 2002 - 2008 ",,1
YE-HO031 (22-213),(11-213),"HONDA JAZZ 9"" MANUAL AIRCON 2002 - 2008 & HARNESS",,2
FEA045 (22-040),(22-040),"HONDA XRV 9"" 2015 & HARNESS",,1
FEA711 ,,"HYUNDAI ACCENT 9"" 2014-2017 & HARNESS",,1
RU-HYUNDAI VERNA (11-105),(11-105),HYUNDAI ACCENT/ I25/ VERNA 2010 -2017,,1
FEA093 (22-105),(22-105),HYUNDAI ACCENT/ I25/ VERNA 2010 -2017 & HARNESS,,1
YE-HYRE080 (11-656),(11-656),"HYUNDAI CRETA/IX25 7"" D/DIN 2014+",,1
"FEA219 (22-656 9"")","(22-656 9"")","HYUNDAI CRETA/IX25 9"" D/DIN 2014+ & HARNESS",,2
AJ-HY-003 (22-656),(22-656),"HYUNDAI CRETA/IX25 10.1"" D/DIN 2014+ & HARNESS",,1
AJ-HY-TK0558 (22-680),(22-680),"HYUNDAI ELANTRA 9"" 2007 & HARNESS",1,
M1-RBH,,HYUNDAI GETZ BRACKET,,9
MFN001HY (11-144),(11-144),"HYUNDAI H1 7"" D/DIN  2007-2015",,1
YE-HY047 (11-144),(11-144),"HYUNDAI H1 7"" D/DIN  2007-2015",,2
FA-FEA579 (22-610),(22-610),"HYUNDAI H1/STAREX 9"" D/DIN  2015+ & HARNESS",,3
FEA059 (22-610),(22-610),"HYUNDAI H1/STAREX 9"" D/DIN  2015+ & HARNESS",,1
FEA551 (22-143),(22-143),"HYUNDAI i10 9"" D/DIN 2010 & HARNESS",,2
FEA060 (22-143),(22-143),"HYUNDAI i10 9"" D/DIN 2010 & HARNESS",,1
AJ-HY-046 (22-360),(22-360),"HYUNDAI i10 9"" 2014-2017 & HARNESS",1,
FEA622,,"HYUNDAI i10 9"" 2020 & HARNESS",,3
AJ-HY-072,,"HYUNDAI i10 9"" 2021 & HARNESS",2,
FEA064,,"HYUNDAI i20 9"" D/DIN 2008-2012 & HARNESS",,2
FA-HYUNDAI I20 (11-066),(11-066),"HYUNDAI i20 7"" D/DIN 2009-2012",,1
"FEA062 (11-426 9"")","(11-426 9"")","HYUNDAI i20 9"" 2012-2014 WITH MANUAL/AUTO AIRCON & HARNESS",,2
RU-HYUNDAI I20 (11-703),(11-703),"HYUNDAI i20 7"" 2014-2018 ",,1
FEA065 (22-703),(11-703),"HYUNDAI i20 9"" 2014-2018 & HARNESS",,1
FEA559 (22-703),(11-703),"HYUNDAI i20 9"" 2014-2018 & HARNESS",,1
FEA560 (22-800),(22-800),"HYUNDAI i20 9"" 2018 & HARNESS",,2
FEA067 (22-800),(22-800),"HYUNDAI i20 9"" 2018 & HARNESS",,2
FEA217 (22-787),(22-787),"HYUNDAI SANTA FE/ IX45 9"" 2012-2015 & HARNESS",,2
"FEA710 (11-067 9"")","(11-067 9"")","HYUNDAI SONATA 9"" 2004-2008 & HARNESS",,2
FEA068 (22-140),(22-140),"HYUNDAI SONATA 9"" 2011-2014 & HARNESS",,2
AJ-HY-005 (22-070),(22-070),"HYUNDAI TUCSON 9""  2010-2018 & HARNESS",4,
AJ-HY-011 (22-613),(22-613),"HYUNDAI TUCSON 9"" D/DIN 2015-2018 & HARNESS",3,
FEA945 (22-613),(22-613),"HYUNDAI TUCSON 9"" D/DIN 2015-2018 & HARNESS",,2
"FEA811 (11-319 9"")","(11-319 9"")","HYUNDAI VELOSTER 9"" & HARNESS",,1
FEA205 ,,"ISUZU D-MAX 9"" D/DIN 2001-2005 & HARNESS",,1
FEA075 (22-293),(22-293),"ISUZU D-MAX 9"" 2012-2019 & HARNESS",,12
FA-ISUZU DMAX ,,"ISUZU D-MAX 9"" D/DIN 2020 NO HARNESS",,1
AJ-WSL-014,,"ISUZU D-MAX 9"" D/DIN 2020 NO HARNESS",1,
FEA076 ,,"ISUZU D-MAX 9"" D/DIN 2020 & HARNESS",,2
"FEA0982 (11-744 9"")","(11-744 9"")","IVECO 9"" 2014 & HARNESS",,4
AJ-JP-TK0076 (22-810),(22-810),"JEEP COMPASS 10.1"" & HARNESS",1,
FEA076 (22-810),(22-810),"JEEP COMPASS 10.1"" & HARNESS",,4
99-6229 (11-015),(11-015),JEEP/ CHRYSLER 1974-2003 S/DIN,,6
JDB (11-189),(11-189),"JEEP WRANGLER 2007-2016 GRAND CHEROKEE 7"" D/DIN 2008-2010",,4
AJ-JP-007 ,,JEEP WRANGLER 2018+ & HARNESS,1,
AJ-JP-TK1035,,"JEEP WRANGLER/RUBICORN 9"" 2 DOOR 2008-2010 & HARNESS",1,
FEA035,,"JEEP WRANGLER/RUBICORN 9"" 2 DOOR 2008-2010 & HARNESS",,2
FEA036,,"JEEP WRANGLER/RUBICORN 9"" 4 DOOR 2008-2010 & HARNESS",,2
AJ-JP-TK1036,,"JEEP WRANGLER/RUBICORN 9"" 4 DOOR 2008-2010 & HARNESS",1,
FEA231,,"JEEP WRANGLER/RUBICORN 10.1""/ 9"" 2011-2014 & HARNESS",,2
AJ-JP-008 (22-629),(22-629),JEEP RENEGADE 2016+ & HARNESS,1,
PZ-22162 (11-014),(11-014),JEEP GRAND CHEROKEE S/DIN 1999-2004,,5
FA-CHRYSLER NEON (11-054),(11-054),JEEP GRAND CHEROKEE S/DIN 2005-2007/CHRYSLER NEON S/DIN,,1
"FEA078 (11-054 9"")","(11-054 9"")",JEEP COMPASS 2007-2009 & HARNESS,,1
FEA746 (22-147),(22-147),"KIA CERATO AUTO AIRCON 9"" 2009-2012 & HARNESS",,1
FEA067 (22-147),(22-147),"KIA FORTE CERATO 9"" 2009-2012 & HARNESS",,4
"FEA085 (11-568 9"")","(11-568 9"")","KIA K3/FORTE/SHUMA 9"" 2013 & HARNESS",,1
"FEA946 (11-568 9"")","(11-568 9"")","KIA K3/FORTE/SHUMA 9"" 2013 & HARNESS",,2
"AJ-KIA-TK0612 (11-397 9"")","(11-397 9"")","KIA PICANTO 9"" 2011+ & HARNESS",1,
"FEA612 (11-397 9"")","(11-397 9"")","KIA PICANTO 9"" 2011+ & HARNESS",,2
AJ-KIA-TK0756 (22-813),(22-813),"KIA PICANTO 9"" 2017+ & HARNESS",1,
AJ-KIA-037 (22-813),(22-813),"KIA PICANTO 9"" 2017+ & HARNESS",1,
AJ-KIA-094,,KIA PICANTO 2023 & HARNESS,1,
"FEA871 (11-602 9"")","(11-602 9"")","KIA RIO 9"" 2015-2017 & HARNESS",,2
FEA228 ,,"KIA RIO 9"" 2017+ & HARNESS",,1
FEA225 (22-332),(22-332),"KIA SORENTO 9"" 2013 & HARNESS",,2
AJ-KIA-021 (22-515),(22-515),"KIA SORENTO 10.1"" 2015+ & HARNESS",1,
FEA093 (22-104),(22-104),"KIA SPORTAGE 9"" 2010-2016 & HARNESS",,1
FEA034 (22-104),(22-104),"KIA SPORTAGE 9"" 2010-2016 & HARNESS",,3
FEA092 (22-599),(22-104),"KIA SPORTAGE/KX5 9"" 2019 & HARNESS",,1
FA-LANDROVER (11-075),(11-075),"LANDROVER DISCOVERY FREELANDER 7"" D/DIN 2004-2009 ",,1
"FEA741 (11-116 9"")","(11-116 9"")","LEXUS RX300/330/350 9"" 2003-2009 ",,1
AJ-MHD-TK0569,,"MAHINDRA SCORPIO 9"" AUTO/MANUAL AIRCON & HARNESS",3,
FEA098 ,,"MAHINDRA SCORPIO 9"" AUTO/MANUAL AIRCON & HARNESS",,3
FEA645,,"MAHINDRA XUV 500 9"" & HARNESS",,2
FEA644 ,,"MAHINDRA THAR 9"" & HARNESS",,2
FEA341,,"MAHINDRA KUV100 9"" 2016+ & HARNESS",,3
FEA667 (22-079),(22-079),"MAZDA 2 9"" & HARNESS",,1
AJ-MZ-TK0667 (22-079),(22-079),"MAZDA 2 9"" & HARNESS",1,
FEA245 (22-081),(22-081),"MAZDA 3 9"" D/DIN 2004-2009 & HARNESS",,1
AJ-MZ-TK0245 (22-081),(22-081),"MAZDA 3 9"" D/DIN 2004-2009 & HARNESS",1,
FEA228 (22-082),(22-082),"MAZDA 3 9"" 2010-2013 & HARNESS",,2
AJ-MZ-015 (22-781),(22-781),"MAZDA 3 9"" D/DIN 2014-2017 & HARNESS",1,
LU754 (22-084),(22-084),"MAZDA 5 9"" D/DIN 2005-2010 & HARNESS",,1
FEA105 (22-177),(22-177),"MAZDA 5 9"" D/DIN 2011 & HARNESS",,1
FEA263 (22-345),(22-345),MAZDA 6 2004-2009 & HARNESS,,1
"AJ-MZ-014 (11-516 9"")","(11-516 9"")","MAZDA BT50 9"" 2012-2018 WITH HAZZARD SWITCH/DOOR LOCK BUTTONS & HARNESS",1,
"FEA112 (11-176 9"")","(11-176 9"")","MAZDA MX-5 9"" 2008 & HARNESS",,1
"FEA452 (11-234 9"")","(11-234 9"")","MAZDA RX-8 9"" 2003-2008 & HARNESS",,1
"AJ-MZ-035 (11-086 9"")","(11-086 9"")","MAZDA RX-8 9"" 2003-2008 & HARNESS",1,
PZ-20001 (11-010),(11-010),MERCEDES VITO (W203) D/DIN 2003-2006,,4
PZ21003/FA-CRAFTER (11-497),(11-497),"MERCEDES A/B-CLASS (W169/W245) 7"" 2004-2013 VITO VW CRAFTER",,1
RU-MERC C 2DIN (11-359),(11-359),"MERCEDES C-CLASS (W204) 7"" D/DIN 2007-2011",,2
FEA842 (11-359),(11-359),"MERCEDES C-CLASS (W204) 9"" D/DIN 2007-2014 & HARNESS",0,
RU-MERC B200 (11-133),(11-133),"MERCEDES B200/VIANO VITO W209 7"" D/DIN 2006-2014",,1
FEA115 (22-133),(22-133),"MERCEDES B200/VIANO VITO W209 9"" D/DIN 2006-2014 & HARNESS",,2
AJ-MBZ-001 (22-133),(22-133),"MERCEDES B200/VIANO VITO W209 9"" D/DIN 2006-2014 & HARNESS",1,
"FEA926 (11-132 9"")","(11-132 9"")","MERCEDES C-CLASS (W203) 2004-2009 GLK (C209) 9"" 2005-2009 & HARNESS",,1
"AJ-MBZ-010 (11-132 9"")","(11-132 9"")","MERCEDES C-CLASS (W203) 2004-2009 GLK (C209) 9"" 2005-2009 & HARNESS",1,
"FEA760 (11-451 9"")","(11-451 9"")",MERCEDES E-CLASS W211 2002-2009 & HARNESS,,2
AJ-MBZ-TK0760 (22-023),(22-023),MERCEDES E-CLASS W211 2002-2009 & HARNESS,1,
FEA761 (22-023),(22-023),MERCEDES M-CLASS W164 2005-2011 & HARNESS,,2
AJ-MBZ-029 ,,"MERCEDES VITO (W639) 10.1"" D/DIN 2003-2010 & HARNESS",3,
FEA120 ,,"MERCEDES VITO 10.1"" /9"" D/DIN 2014-2018 & HARNESS",,2
FEA135,,"MERCEDES VITO 10.1"" /9"" D/DIN 2014-2018 & HARNESS",,1
FEA779 ,,"MERCEDES VITO 10.1"" /9"" D/DIN 2014-2018 & HARNESS",,4
YE-BE015 (11-607),(11-607),"MERCEDES SLK 7"" D/DIN 2004-2011",,1
"FEA705 (11-714 9"")","(11-714 9"")","MERCEDES SPRINTER 2006/VW CRAFTER 9"" D/DIN 2006-2016 & HARNESS",,3
YE-BE022 (11-714),(11-714),"MERCEDES SPRINTER 2006/VW CRAFTER 7"" D/DIN 2006-2016",,1
FEA122,,"MITSUBISHI NEW STRENGTH DAZZLE 10.1/9"" 2007 & HARNESS",,1
FEA232 (22-006),(22-006),"MITSUBISHI LANCER 10.1/9"" 2007 & HARNESS",,1
FEA123 (22-004),(22-004),"MITSUBISHI OUTLANDER 9"" 2008-2012 & HARNESS",,2
FA-FEA557 (22-005),(22-005),MITSUBISHI PAJERO 2007+,,2
FEA125 (22-156),(22-156),"MITSUBISHI PAJERO SPORT/TRITON 9"" 2006-2015 & HARNESS",,1
FEA221 (22-988),(22-988),"MITSUBISHI PAJERO SPORT 9"" 2015 AUTO AIRCON & HARNESS",,1
"FEA222 (11-637 9"")","(11-637 9"")","MITSUBISHI PAJERO SPORT/TRITON 9"" 2015 MANUAL AIRCON & HARNESS",,1
FEA213 ,,"NISSAN JUKE 9"" 2011-2016 & HARNESS",,4
YE-NI020 (11-429),(11-429),"NISSAN LIVINA/NAVARA 7"" D/DIN 2013",,25
YE-NI032 ,,"NISSAN UNIVERSAL LIVINA 7"" SIDE D/DIN 2013",,5
RU-NISSAN LIVINA SIDE,,"NISSAN UNIVERSAL LIVINA 7"" SIDE D/DIN 2013",,2
PZ-45068,,NISSAN UNIVERSAL POCKET,,21
AJ-NS-TK1326,,"NISSAN MAGNITE 9"" D/DIN & HARNESS",21,
"FEA212 (11-295 9"")","(11-295 9"")","NISSAN MICRA 9"" 2010-2013 & HARNESS",,3
"FEA271 (11-429 9"")","(11-429 9"")","NISSAN MICRA 9"" 2013-2017 & HARNESS",,4
FEA046 (22-017),(22-017),"NISSAN MICRA 9"" 2017 & HARNESS",,2
AJ-NS-006 (11-429),(11-429),"NISSAN NP200 SUNNY 2014-2018 /DACIA 10.1"" D/DIN",1,
"FA-RE047N (11-329 9"")","(11-329 9"")","NISSAN NP200 2009+/DACIA 9"" D/DIN",,2
YE-RE012 (11-329),"(11-329 9"")","NISSAN NP200  9"" D/DIN",,1
"FEA134 (11-329 9"")","(11-329 9"")","NISSAN NP200  9"" D/DIN",,1
FEA900,,NISSAN NAVARA 2006-2012 & HARNESS,,2
"FEA133 (11-740 9"")","(11-740 9"")","NISSAN NAVARA / NP300 9"" D/DIN 2014-2016 & HARNESS",,2
YE-NI028 (11-566),(11-566),"NISSAN NAVARA / NP300 7"" D/DIN 2014-2016 & HARNESS",,2
AJ-NS-039 (22-309),(22-309),NISSAN NAVARA 2015-2017 & HARNESS,3,
FEA135 (22-241),(22-241),"NISSAN QASHQAI 9"" D/DIN 2008-2014 & HARNESS",,3
FEA264A (22-241),(22-241),"NISSAN QASHQAI 9"" D/DIN 2008-2014 & HARNESS",,1
YE-NI023 (11-478),(11-478),"NISSAN X-TRAIL/QASHQAI 7"" D/DIN 2014 ",,1
AJ-NS-004 (22-478),(11-478),NISSAN X-TRAIL/QASHQAI 2014 & CANBUS HARNESS,3,
FEA737 (22-823),(22-823),OPEL ASTRA/GRAND LAND D/DIN BLACK 2016 WITH HAZZARD SWITCH & HARNESS,,2
AS-OPEL VECTRA/ASTRA (11-028) CURVE (11-028) CURVE,,OPEL CORSA/ASTRA D/DIN BLACK 2006-2015 (CURVE),5,
PZ-1621 (11-090) CURVE,(11-090) CURVE,OPEL CORSA/ASTRA D/DIN SILVER GREY 2006-2015 (CURVE),,6
"FEA697 (11-090 9"")","(11-090 9"")","OPEL CORSA/ASTRA 9"" 2006-2015 & HARNESS",,2
"FEA141 (11-090 9"")","(11-090 9"")","OPEL CORSA/ASTRA 9"" 2006-2015 & HARNESS",,2
RU-OPEL TIGRA (11-027) FLAT,(11-027) FLAT,OPEL CORSA/ASTRA S/DIN WITH POCKET BLACK 2001-2006 (YE-OP004),,4
YE-OP001 (11-791) FLAT,(11-791) FLAT,OPEL CORSA/ASTRA D/DIN BLACK 2001-2006,,4
FA-YE-OP001 (11-791) FLAT,(11-791) FLAT,OPEL CORSA/ASTRA D/DIN BLACK 2001-2006,,1
"FEA425 (11-552 9"")","(11-552 9"")","OPEL CORSA 2014+/ADAM 9"" 2013+ & HARNESS",,2
FEA740,,"OPEL CORSA 9"" 2020+ & HARNESS",,2
"FEA956 (11-153 9"")","(11-153 9"")","PORSCHE CAYENNE 9"" 2009",,1
AJ-RN-015,,"RENAULT CLIO 10.1"" 2012-2016 & HARNESS",,1
FEA144,,"RENAULT CLIO 9"" 2016-2018 & HARNESS",,1
FEA982 ,,"RENAULT CAPTUR 9"" 2024 MANUAL /AUTO AIRCON NO HARNESS",,4
YE-RE009 (11-297),(11-297),"RENAULT DUSTER 2010+ KWID 2017+ 7"" D/DIN",,3
FEA146 (22-809),(22-809),"RENAULT KADJAR 9"" 2016 & HARNESS",,2
FEA431,,"RENAULT KIGAR 9"" 2021 & HARNESS",,2
AJ-RN-011 ,,"RENAULT KWID 2017+ 9"" D/DIN & CANBUS HARNESS",2,
FEA148,,"RENAULT SANDERO 9"" 2017 & HARNESS",,6
YE-RE-039N,,"RENAULT TRIBER 9"" D/DIN NO HARNESS",,1
FEA647,,"RENAULT TRIBER 9"" D/DIN & HARNESS",,2
AJ-RN-TK0647,,"RENAULT TRIBER 9"" (RN-021) D/DIN & HARNESS",1,
YE-N1012 (11-463),(11-463),"RENAULT TRAFFIC 7"" D/DIN 2011-2014",,1
FEA214 (22-295),(22-295),"SUBARU FORESTER 2008-2012 9"" & HARNESS",,3
BN-25K9007 (11-256),(11-256),SUZUKI ALTO 2009-2014 S/DIN,,1
FEA223 (22-567),(22-567),"SUZUKI CIAS 9"" 2015-2022 & HARNESS",,2
AJ-SK-003 (22-567),(22-567),"SUZUKI CIAS 9"" 2015-2022 & HARNESS",2,
AJ-SK-024 (22-654),(22-654),"SUZUKI BALENO 2016-2022 9"" & HARNESS (TOYOTA STARLET)",2,
AJ-SK-034 (22-654),(22-654),"SUZUKI BALENO 2016-2022 9"" & HARNESS (TOYOTA STARLET)",2,
FEA150 (22-654),(22-654),"SUZUKI BALENO 2016-2022 9"" & HARNESS (TOYOTA STARLET)",,6
FEA513 (22-654),(22-654),"SUZUKI BALENO 2016-2022 9"" & HARNESS (TOYOTA STARLET)",,2
AJ-SK-TK1159,,"SUZUKI BALENO 2024 9"" & HARNESS ",2,
AJ-SK-019 (22-655) ,(22-655) ,"SUZUKI BREEZA/VITARA 9"" 2021+ & HARNESS (TOYOTA URBAN CRUISER)",1,
FEA554 (22-655),(22-655) ,"SUZUKI BREEZA/VITARA 9"" 2021+ & HARNESS (TOYOTA URBAN CRUISER)",,3
RU-SUZUKI CELERIO (22-596),(22-596),SUZUKI CELERIO 2014+ & HARNESS,,2
AJ-SK-050,,SUZUKI CELERIO 2021 & HARNESS,2,
RU-SUZUKI CELERIO (22-596),(22-596),SUZUKI CELERIO 2021 & HARNESS,,2
"AS-SUZUKI ERTIGA 2018 (22-015 7"")","(22-015 7"")","SUZUKI ERTIGA 7"" 2018 & HARNESS (TOYOTA RUMION)",2,
ON711-F1 (22-015),(22-015),SUZUKI ERTIGA 2018+ ONENAV NO HARNESS (TOYOTA RUMION),,1
FEA152,,"SUZUKI ERTIGA 9"" 2022 & HARNESS (TOYOTA RUMION)",,8
FEA157 (22-259),(22-259),"SUZUKI SWIFT 10.1"" 2004-2010/ DZIRE 2008-2010 & HARNESS",,2
AJ-SK-002 (22-259),(22-259),"SUZUKI SWIFT 10.1"" 2004-2010/ DZIRE 2008-2010 & HARNESS",2,
AJ-SK-014 (22-157),(22-157),"SUZUKI SWIFT 9"" D/DIN 2011-2017/ ERTIGA 2012-2017 & HARNESS",1,
FA-SUZUKI SWIFT 2018 (11-795),(11-795),"SUZUKI SWIFT 7"" D/DIN 2017+ & HARNESS",,1
FEA159 (22-795),(22-795),"SUZUKI SWIFT 9"" D/DIN 2017+ & HARNESS",,2
FEA200 (22-795),(22-795),"SUZUKI SWIFT 9"" D/DIN 2017+ & HARNESS",,3
AJ-SK-013 (22-795),(22-795),"SUZUKI SWIFT 9"" D/DIN 2017+ & HARNESS",6,
AJ-SK-048 (22-795),(22-795),"SUZUKI SWIFT 9"" D/DIN 2017+ & HARNESS",6,
AJ-SK-TK2514S,,"SUZUKI SWIFT 9"" D/DIN 2024 & HARNESS",39,
FEA200,,"SUZUKI SWIFT 9"" D/DIN 2024 & HARNESS",,3
SU-074N,,"SUSUKI S-PRESSO 9"" D/DIN 2020-2022 & HARNESS",20,
95-8902A (09-002),(09-002),"SUZUKI SX4 7"" D/DIN 2007-2013",,2
95-8902A (09-002),(09-002),"SUZUKI SX4 7"" D/DIN WITH POCKET 2007-2013",,5
AJ-SK-007 (22-958),(22-958),"SUZUKI SX4 9"" D/DIN 2007-2013 & HARNESS",2,
RU-SUZUKI IGNIS (22-743),(22-743),"SUZUKI IGNIS 9"" D/DIN 2016+ & HARNESS",,1
AJ-SK-016 (22-743),(22-743),"SUZUKI IGNIS 9"" D/DIN 2016+ & HARNESS",1,
SJ (11-357),(11-357),SUSUKI JIMNY D/DIN 2006-2012 NO HARNESS,,2
"FEA154 (11-357 9"")","(11-357 9"")","SUSUKI JIMNY 9"" D/DIN 2006-2012 & HARNESS",,3
"FEA874 (11-357 9"")","(11-357 9"")","SUSUKI JIMNY 9"" D/DIN 2006-2012 & HARNESS",,2
AJ-SK-022 (22-981),(22-981),"SUZUKI JIMNY D/DIN 9"" 2018-2022 & HARNESS",2,
AJ-SK-001 (22-588),(22-588),SUZUKI VITARA 2015+ & HARNESS,2,
"FEA630 (09-001 9"")","09-001 9"")",SUZUKI GRAND VITARA 2005-2010 & HARNESS,,4
"SU-075N (09-001 9"")","09-001 9"")",SUZUKI GRAND VITARA 2005-2010,,1
"FEA929 (11-591 9"")","(11-591 9"")","TOYOTA AYGO 9"" 2014+ & HARNESS",,4
"AJ-TY-TK1929 (11-591 9"")","(11-591 9"")","TOYOTA AYGO 9"" 2014+ & HARNESS",1,
FEA615 (11-253),(11-253),"TOYOTA AVANZA 9"" 2010-2016 & HARNESS",,2
PZ-3430 (11-108 WITH POCKET),(11-108 WITH POCKET),"TOYOTA AVENSIS 7"" WITH POCKET 2002-2008 & HARNESS",,1
FA-YE-TO022 (11-110),(11-110),TOYOTA AURIS D/DIN 2006-2012,,2
YE-TO099 (11-512),(11-512),TOYOTA AURIS D/DIN 2014+ ,,3
AS-RUNX WITH POCKET (11-037),(11-037),TOYOTA COROLLA/RUNX WITH POCKET S/DIN 2001-2006,12,
PZ-27515 (11-038),(11-038),TOYOTA COROLLA RUNX D/DIN 2001-2006 ,,5
FEA166 (22-038),(22-038),"TOYOTA COROLLA RUNX 9"" D/DIN 2001-2006 & HARNESS ",,3
LU502 (22-003),(22-003),"TOYOTA COROLLA 2007-2013 9"" & HARNESS",,2
AJ-TY-096 (22-013),(22-013),"TOYOTA COROLLA 2013-2016 10.1"" & HARNESS",1,
AJ-TY-097 (22-031),(22-031),TOYOTA COROLLA CROSS & HARNESS,2,
AJ-TY-TK0500 (22-031),(22-031),"TOYOTA COROLLA 2017+ 10"" & HARNESS",1,
AJ-TY-080 (22-032),(22-032),"TOYOTA COROLLA 2019+ 10.1"" & CANBUS HARNESS",2,
YE-TO152 (11-696),(11-696),"TOYOTA COROLLA 2017 7"" NO HARNESS",,2
"FEA029 (11-560 9"")","11-560 9"")","TOYOTA COROLLA VERSO 9"" D/DIN 2004-2009 & HARNESS",,2
FA-YE-TO054 (11-171),(11-171),"TOYOTA VERSO 2009-2018 7"" NO HARNESS",,1
"FEA975 (11-171 9"")","(11-171 9"")","TOYOTA VERSO 2009-2018 9"" & HARNESS",,2
"FEA678 (11-231 9"")","(11-231 9"")","TOYOTA ETIOS 9"" 2011+ & HARNESS",,1
"AJ-TY-TK0678 (11-231 9"")","(11-231 9"")","TOYOTA ETIOS 9"" 2011+ & HARNESS",1,
YE-TO118 (11-231),(11-231),"TOYOTA ETIOS 7"" 2011+",,10
AJ-TY-TK0659,,"TOYOTA FJ CRUIZER 9"" (BLACK) &  HARNESS",1,
FEA659,,"TOYOTA FJ CRUIZER 9"" (BLACK) &  HARNESS",,1
FEA171,,"TOYOTA FJ CRUIZER 9"" (SILVER) & HARNESS",,1
BN-25K9730PB (11-600),(11-600),"TOYOTA FORTUNER 7"" D/DIN 2015+",,2
AJ-TY-034 (22-600),(22-600),"TOYOTA FORTUNER 9"" D/DIN 2016+ & HARNESS",5,
FEA172 (22-600),(22-600),"TOYOTA FORTUNER 9"" D/DIN 2016+ & HARNESS",,2
LU666 (22-987),(22-987),"TOYOTA HILUX/FORTUNER 9"" D/DIN 2005-2008 & HARNESS",,5
FEA173 (22-987),(22-987),"TOYOTA HILUX/FORTUNER 9"" 2008-2015 AUTO/MANUAL AIRCON & HARNESS",,2
AJ-TY-078 (22-987),(22-987),"TOYOTA HILUX/FORTUNER 9"" 2008-2015 AUTO/MANUAL AIRCON & HARNESS",2,
FA-BN25K9717(11-299),(11-299),"TOYOTA HILUX/FORTUNER 7"" D/DIN 2011-2015  ",,4
BN25K9717(11-299),(11-299),"TOYOTA HILUX/FORTUNER 7"" D/DIN 2011-2015  ",,5
YE-TO111 (11-573) GD6,(11-573) GD6,TOYOTA HILUX GD6 D/DIN 2015+  ,,3
FA-HILUX 2005 (OLD),,TOYOTA HILUX S/DIN 1998-2010,,12
AS-TOYOTA HILUX 2011,,TOYOTA HILUX S/DIN 2011 ,7,
PZ-6215 (2016),,TOYOTA HILUX NEW S/DIN 2016 ,,70
FEA161 (22-573),(22-573),"TOYOTA HILUX 2016+ GD6 10.1""/9"" TRIM & HARNESS",,5
FEA292 (22-002),(22-002),"TOYOTA LANDCRUISER PRADO (120) 9"" D/DIN 2002-2009 & HARNESS",,3
FEA179 (22-002),(22-002),"TOYOTA LANDCRUISER PRADO (120) 9"" D/DIN 2002-2009 & HARNESS",,3
YE-TO057 (11-339),(11-339),"TOYOTA LANDCRUISER PRADO 7"" D/DIN 2010",,1
FEA307 (22-025),(22-025),"TOYOTA LANDCRUISER PRADO (150) 9"" D/DIN 2018 & HARNESS",,2
AJ-TY-TK0307 (22-025),(22-025),"TOYOTA LANDCRUISER PRADO (150) 9"" D/DIN 2018 & HARNESS",2,
AJ-TY-122 ,,"TOYOTA LANDCRUISER 79 2015 9"" D/DIN & HARNESS",2,
FEA175,,"TOYOTA LANDCRUISER 79 2015 9"" D/DIN NO HARNESS",,3
FEA176,,"TOYOTA LANDCRUISER 79 2024 9"" D/DIN & HARNESS",,6
FEA176,,"TOYOTA LANDCRUISER 79 2024 9"" D/DIN NO HARNESS",,2
FEA657,,"TOYOTA LANDCRUISER VXR 2003 10.1""/9"" & HARNESS",,3
AJ-TY-TK0657,,"TOYOTA LANDCRUISER VXR 2003 10.1""/9"" & HARNESS",2,
BN-25K9722 (11-343),(11-343),"TOYOTA RAV4 7"" 2013-2019",,1
"FEA435 (11-343 9"")","(11-343 9"")","TOYOTA RAV4 9"" 2013-2016 & HARNESS",,1
"AJ-TY-TK0435 (11-343 9"")","(11-343 9"")",TOYOTA RAV4 2013-2017 & HARNESS,1,
FEA183 (22-978),(22-978),"TOYOTA RAV4 9"" 2006-2012 & HARNESS",,2
FEA530 (22-978),(22-978),"TOYOTA RAV4 9"" 2006-2012 & HARNESS",,2
AJ-TY-TK0626,,"TOYOTA YARIS/VIOS 9"" 2005 & HARNESS",1,
FA-YARIS T3 (11-401),(11-401),"TOYOTA YARIS T3 9"" D/DIN 2005-2010 (BLACK) & HARNESS",,1
AS-YARIS/VITS T3 (11-401),(11-401),"TOYOTA YARIS T3 7"" D/DIN 2005-2010 (BLACK)",2,
YE-TO024 (11-401),(11-401),"TOYOTA YARIS T3 7"" D/DIN 2005-2010 (BLACK)",,2
"FEA817 (11-401 9"")","(11-401 9"")","TOYOTA YARIS T3 7"" D/DIN 2005-2010 (BLACK)",,2
"FEA635 (11-342 9"")","(11-342 9"")","TOYOTA YARIS 7/9"" 2011-2014 & HARNESS",,2
"FA-FEA635 (11-342 9"")","(11-342 9"")","TOYOTA YARIS 7/9"" 2011-2014 & HARNESS",,1
"AJ-TY-TK0635A (11-342 9"")","(11-342 9"")","TOYOTA YARIS 9"" 2011-2014 & HARNESS",1,
"FEA188 (11-793 9"")","(11-793 9"")","TOYOTA YARIS 9"" 2018 MANUEL ACC & HARNESS",,1
"FEA784 (11-793 9"")","(11-793 9"")","TOYOTA YARIS 9"" 2018 MANUEL ACC & HARNESS",,2
"AJ-TY-TK0784 (11-793 9"")","(11-793 9"")","TOYOTA YARIS 9"" 2018 MANUEL ACC & HARNESS",1,
M1-TPTYH,,TOYOTA YARIS HATCH S/DIN,,4
M1-TPTYS,,TOYOTA YARIS SEDAN S/DIN,,3
FA-QUANTUM,,TOYOTA QUANTUM S/DIN,,5
FEA182,,"TOYOTA QUANTUM 9"" 2019+ D/DIN & HARNESS",,2
AS-HILUX SIDE D/D (11-039),(11-039),TOYOTA UNIVERSAL D/DIN SIDE PLATE  ,53,
RU-HILUX SIDE D/D (11-039),(11-039),TOYOTA UNIVERSAL D/DIN SIDE PLATE  ,,3
"FEA190 (11-795 9"")","(11-795 9"")","VW CRAFTER 10.1"" 2017+ & HARNESS",,2
"AJ-VW-TK1136 (11-795 9"")","(11-795 9"")","VW CRAFTER 10.1"" 2017+ & HARNESS",2,
"FEA954 (11-795 9"")","(11-795 9"")","VW CRAFTER 10.1"" 2017+ & HARNESS",,3
AS-VWGOLF1,,VW CITI GOLF S/DIN,12,
PZ-0014,,VW CITI GOLF S/DIN - D/DIN ,,9
YE-VW068 (11-312),(11-312),VW POLO UP S/DIN 2016,,2
YE-VW018 (11-312),(11-312),VW POLO UP S/DIN 2016,,2
FA-VW POLO (PZ-28623) (11-101),(11-101),"VW GOLF 4 POLO 1999-2009 7"" D/DIN 1998-2003 ",,1
PZ-28623 (11-101),(11-101),"VW GOLF 4 POLO 1999-2009 7"" D/DIN 1998-2003 ",,1
FEA198 (22-092),(22-092),"VW TIGUAN 2017 10.1""/9"" D/DIN 2017 & HARNESS",,1
959009 (08-008),(08-008),"VW TOURAG 2002-2010/ T5 7"" D/DIN 2003-2009 ",,1
FA-VW TOURAG (08-008),(08-008),"VW TOURAG 2004-2010/ T5 7"" D/DIN 2003-2009 ",,1
FEA224 ((08-008),(08-008),"VW TOURAG 2004-2010/ T5 9"" D/DIN 2003-2009 & HARNESS",,1
AS-GOLF5 D/D (08-008),(08-008),"VW GOLF 5/6 7"" D/DIN WITH POCKET 2003-2014",21,
"FEA191 (08-009 9"")","(08-009 9"")","VW GOLF 5/6 9"" D/DIN 2003-2014 & HARNESS",,2
"AJ-VW-057 (08-009 9"")","(08-009 9"")","VW GOLF 5/6 9"" D/DIN 2003-2014 & HARNESS",4,
"AJ-VW-097 (08-009 9"")","(08-009 9"")","VW GOLF 5/6 9"" D/DIN 2009 & HARNESS",2,
"ON668-FK1 (08-009 9"")","(08-009 9"")","VW 2018 9"" FITMENT KIT & HARNESS",,1
AJ-VW-TK2029,,"VW GOLF 7 9""/10.1"" D/DIN 2017+ & HARNESS",1,
FEA2029,,"VW GOLF 7 9""/10.1"" D/DIN 2017+ & HARNESS",,5
AJ-VW-TK0069A (22-540),(22-540),"VW GOLF 9 9"" D/DIN FIT & HARNESS",1,
FA-YE-VW025 (22-540 BLACK VW OEM),(22-540 BLACK VW OEM),"VW GOLF 9 9"" D/DIN FIT SS-AN-9200V",,2
YE-VW025 (22-540 BLACK VW OEM),(22-540 BLACK VW OEM),"VW GOLF 9 9"" D/DIN FIT SS-AN-9200V",,1
FEA189,,"VW POLO 9 9"" 2004-2010 & HARNESS",,2
AJ-VW-TK2233,,"VW POLO 9 9"" 2004-2010 & HARNESS",2,
FEA194,,"VW POLO 9"" 2004-2011 & HARNESS",,2
AJ-VW-TK1229,,"VW POLO 9"" 2004-2011 & HARNESS",1,
FEA229,,"VW POLO 9"" 2004-2011 & HARNESS",,2
