make,model,year_range,skus,search_query,images_saved,image_files,status,folder
ALFA,MITO,2008,YE-AR004 (11-365),2008 ALFA MITO dashboard interior OEM,5,dashboard_01_155946bf.jpg; dashboard_02_7a5f91b8.jpg; dashboard_03_9a511b00.jpg; dashboard_04_44e0127f.jpg; dashboard_05_b3e4af9e.jpg,SUCCESS,dashboards/ALFA/MITO_2008
AUDI,A3,1996-1999,PZ-25108 (11-003),1996 AUDI A3 dashboard interior OEM,5,dashboard_01_e24d173c.jpg; dashboard_02_d64fc562.jpg; dashboard_03_9a432cb3.jpg; dashboard_04_0b879634.jpg; dashboard_05_62a536a7.jpg,SUCCESS,dashboards/AUDI/A3_1996-1999
AUDI,A3,2002-2008,FEA826 (11-450),2002 AUDI A3 dashboard interior OEM,5,dashboard_01_0ac39628.jpg; dashboard_02_65398263.jpg; dashboard_03_600eea83.jpg; dashboard_04_9a432cb3.jpg; dashboard_05_e0f5a609.jpg,SUCCESS,dashboards/AUDI/A3_2002-2008
AUDI,A3,2003-2008,PZ-25115 (11-007),2003 AUDI A3 dashboard interior OEM,5,dashboard_01_0ac39628.jpg; dashboard_02_65398263.jpg; dashboard_03_f0dd7bb5.jpg; dashboard_04_9a432cb3.jpg; dashboard_05_600eea83.jpg,SUCCESS,dashboards/AUDI/A3_2003-2008
AUDI,A3,2012,"AJ-AD-006 (11-450 9""); PZ-25116 (11-450 9"")",2012 AUDI A3 dashboard interior OEM,5,dashboard_01_d88e2181.jpg; dashboard_02_83e87a70.jpg; dashboard_03_5a62a44e.jpg; dashboard_04_e05c2ebe.jpg; dashboard_05_33a506d7.jpg,SUCCESS,dashboards/AUDI/A3_2012
AUDI,A4,2002-2008,"AJ-AD-TK0827 (11-457 9"")",2002 AUDI A4 dashboard interior OEM,5,dashboard_01_53064c1c.jpg; dashboard_02_56b0d9c3.jpg; dashboard_03_d77ade72.jpg; dashboard_04_adadfb2b.jpg; dashboard_05_0cef18f2.jpg,SUCCESS,dashboards/AUDI/A4_2002-2008
AUDI,A4,2008,"FEA827 (11-457 9"")",2008 AUDI A4 dashboard interior OEM,5,dashboard_01_0bf83e30.jpg; dashboard_02_b620f663.jpg; dashboard_03_214da27e.jpg; dashboard_04_3a2ba475.jpg; dashboard_05_2dabdfd4.jpg,SUCCESS,dashboards/AUDI/A4_2008
AUDI,A4 A6 TT,1999-2002,PZ-25112 (11-005),1999 AUDI A4 A6 TT dashboard interior OEM,5,dashboard_01_835760b0.jpg; dashboard_02_88982c4b.jpg; dashboard_03_57b9aab7.jpg; dashboard_04_1ca977ce.jpg; dashboard_05_ffe7ccc9.jpg,SUCCESS,dashboards/AUDI/A4_A6_TT_1999-2002
AUDI,A4 B6 2000-2006,2004-2006,FA-AUDI A4/B6 (11-457),2004 AUDI A4 B6 2000-2006 dashboard interior OEM,5,dashboard_01_27d66d66.jpg; dashboard_02_53064c1c.jpg; dashboard_03_101ff1c8.jpg; dashboard_04_73552624.jpg; dashboard_05_62adb34a.jpg,SUCCESS,dashboards/AUDI/A4_B6_2000-2006_2004-2006
AUDI,TT,2006,FEA0022; FEA828,2006 AUDI TT dashboard interior OEM,5,dashboard_01_de6a0c97.jpg; dashboard_02_d810fbfc.jpg; dashboard_03_d2c69f3a.jpg; dashboard_04_b29d4d21.jpg; dashboard_05_d34137de.jpg,SUCCESS,dashboards/AUDI/TT_2006
BMW,1 SERIES E81/E82/E87/E88,2004-2011,AJ-BMW-TK1011 (11-481),2004 BMW 1 SERIES E81/E82/E87/E88 dashboard interior OEM,5,dashboard_01_65b86815.jpg; dashboard_02_49910ee6.jpg; dashboard_03_30fc293d.jpg; dashboard_04_bb093cff.jpg; dashboard_05_365979c3.jpg,SUCCESS,dashboards/BMW/1_SERIES_E81E82E87E88_2004-2011
BMW,1 SERIES E81/E82/E87/E88,2012,AJ-BMW-TK1012 (11-481),2012 BMW 1 SERIES E81/E82/E87/E88 dashboard interior OEM,5,dashboard_01_c6396a78.jpg; dashboard_02_a742767d.jpg; dashboard_03_7f27d8a5.jpg; dashboard_04_026753ec.jpg; dashboard_05_3093a20b.jpg,SUCCESS,dashboards/BMW/1_SERIES_E81E82E87E88_2012
BMW,E46,1998-2005,PZ-22004 (11-011); AS-BMWE46 (11-011),1998 BMW E46 dashboard interior OEM,5,dashboard_01_77dfb581.jpg; dashboard_02_a7500f11.jpg; dashboard_03_3b9e508e.jpg; dashboard_04_8f95d029.jpg; dashboard_05_1c38d95f.jpg,SUCCESS,dashboards/BMW/E46_1998-2005
BMW,E46,2005,AJ-BMW-001 (22-498); FEA009 (22-498),2005 BMW E46 dashboard interior OEM,5,dashboard_01_1c38d95f.jpg; dashboard_02_8dceed4f.jpg; dashboard_03_af8b725d.jpg; dashboard_04_64cbea6a.jpg; dashboard_05_df85313f.jpg,SUCCESS,dashboards/BMW/E46_2005
BMW,E90,2004-2012,PZ-22160 (11-052),2004 BMW E90 dashboard interior OEM,5,dashboard_01_31350b23.jpg; dashboard_02_daa6d71b.jpg; dashboard_03_a21bf8b9.jpg; dashboard_04_6f4436e2.jpg; dashboard_05_5900ff58.jpg,SUCCESS,dashboards/BMW/E90_2004-2012
BMW,E90,2012,FEA010 (22-125),2012 BMW E90 dashboard interior OEM,5,dashboard_01_ed2957bf.jpg; dashboard_02_eba25065.jpg; dashboard_03_5900ff58.jpg; dashboard_04_199085ee.jpg; dashboard_05_dd402f6b.jpg,SUCCESS,dashboards/BMW/E90_2012
BMW,X5 / 5-SERIES 1995-2003,1999-2006,FEA012 (22-041),1999 BMW X5 / 5-SERIES 1995-2003 dashboard interior OEM,5,dashboard_01_9096543a.jpg; dashboard_02_0e78ecd5.jpg; dashboard_03_36a06c0b.jpg; dashboard_04_ec3d7103.jpg; dashboard_05_43db7705.jpg,SUCCESS,dashboards/BMW/X5_5-SERIES_1995-2003_1999-2006
CHEVROLET,AVEO,2011-2013,AJ-CHV-TK0243A (22-181),2011 CHEVROLET AVEO dashboard interior OEM,5,dashboard_01_808469b7.jpg; dashboard_02_ea8d48f3.jpg; dashboard_03_1a42f42a.jpg; dashboard_04_984052af.jpg; dashboard_05_c927574a.jpg,SUCCESS,dashboards/CHEVROLET/AVEO_2011-2013
CHEVROLET,AVEO SONIC,,FEA243 (22-181), CHEVROLET AVEO SONIC dashboard interior OEM,5,dashboard_01_04c3fe6d.jpg; dashboard_02_727917d7.jpg; dashboard_03_8238f9fe.jpg; dashboard_04_018593b8.jpg; dashboard_05_a4bd3e02.jpg,SUCCESS,dashboards/CHEVROLET/AVEO_SONIC_
CHEVROLET,CAPTIVA,2017,FEA216,2017 CHEVROLET CAPTIVA dashboard interior OEM,5,dashboard_01_7a415f04.jpg; dashboard_02_b2b342c7.jpg; dashboard_03_d54fa8a2.jpg; dashboard_04_a2e01024.png; dashboard_05_7cbaa590.jpg,SUCCESS,dashboards/CHEVROLET/CAPTIVA_2017
CHEVROLET,CAPTIVA AVEO,2011,FEA018 (22-945),2011 CHEVROLET CAPTIVA AVEO dashboard interior OEM,5,dashboard_01_a2e01024.png; dashboard_02_7cbaa590.jpg; dashboard_03_81d44bbe.jpg; dashboard_04_168947ef.png; dashboard_05_b81158be.jpg,SUCCESS,dashboards/CHEVROLET/CAPTIVA_AVEO_2011
CHEVROLET,CLASSIC CRUZE,,AJ-CHV-TK0045 (22-407), CHEVROLET CLASSIC CRUZE dashboard interior OEM,5,dashboard_01_01da9be0.jpg; dashboard_02_da055801.jpg; dashboard_03_3b937bb1.jpg; dashboard_04_50c56e8a.jpg; dashboard_05_217a082c.jpg,SUCCESS,dashboards/CHEVROLET/CLASSIC_CRUZE_
CHEVROLET,CRUZE,,FEA045 (22-407), CHEVROLET CRUZE dashboard interior OEM,5,dashboard_01_4a7744ee.jpg; dashboard_02_76614b34.jpg; dashboard_03_d2ddaba1.jpg; dashboard_04_722e2dff.jpg; dashboard_05_f9554179.jpg,SUCCESS,dashboards/CHEVROLET/CRUZE_
CHEVROLET,SPARK,2015,FEA014 (22-180),2015 CHEVROLET SPARK dashboard interior OEM,5,dashboard_01_de500e7b.jpg; dashboard_02_ea5a227e.jpg; dashboard_03_b6ce9442.jpg; dashboard_04_76e67fa1.jpg; dashboard_05_81681636.png,SUCCESS,dashboards/CHEVROLET/SPARK_2015
CHEVROLET,"SPARK , DAEWOO MATIZ -2011",2010-2013,FEA013 (22-542),"2010 CHEVROLET SPARK , DAEWOO MATIZ -2011 dashboard interior OEM",5,dashboard_01_5fde4464.jpg; dashboard_02_c4024922.jpg; dashboard_03_7e649624.jpg; dashboard_04_5206c81e.jpg; dashboard_05_4802deed.jpg,SUCCESS,dashboards/CHEVROLET/SPARK_DAEWOO_MATIZ_-2011_2010-2013
CHEVROLET,"SPARK , DAEWOO MATIZ -2011",2014,AJ-CHV-TK0683 (22-180),"2014 CHEVROLET SPARK , DAEWOO MATIZ -2011 dashboard interior OEM",5,dashboard_01_c4024922.jpg; dashboard_02_fd9c8c14.jpg; dashboard_03_23ee0775.jpg; dashboard_04_a4dc1af5.jpg; dashboard_05_382a325b.jpg,SUCCESS,dashboards/CHEVROLET/SPARK_DAEWOO_MATIZ_-2011_2014
CHRYSLER,NEON,,FA-CHRYSLER NEON (11-054), CHRYSLER NEON dashboard interior OEM,5,dashboard_01_483154f3.jpg; dashboard_02_0f7402c4.jpg; dashboard_03_07824bc0.jpg; dashboard_04_3c38c8cf.jpg; dashboard_05_47b9044f.jpg,SUCCESS,dashboards/CHRYSLER/NEON_
DAIHATSU,SIRION,2008,FEA226 (22-270),2008 DAIHATSU SIRION dashboard interior OEM,5,dashboard_01_36033e16.jpg; dashboard_02_ff4a0bd5.jpg; dashboard_03_99bfb1a6.jpg; dashboard_04_8cd1c59b.jpg; dashboard_05_abf4c020.png,SUCCESS,dashboards/DAIHATSU/SIRION_2008
DAIHATSU,TERIOS,,"FEA017 (11-204 9""); FEA020 (11-204 9"")", DAIHATSU TERIOS dashboard interior OEM,5,dashboard_01_1915b091.jpg; dashboard_02_2528cf21.jpg; dashboard_03_bbb7f3f6.jpg; dashboard_04_d11608a3.jpg; dashboard_05_6f22d0f5.jpg,SUCCESS,dashboards/DAIHATSU/TERIOS_
DAIHATSU,TERIOS O6-2016/ TOYOTA RUSH,2006-2026,YE-TO052 (11-204); MFN039TO (11-204),2006 DAIHATSU TERIOS O6-2016/ TOYOTA RUSH dashboard interior OEM,5,dashboard_01_e9fb81de.jpg; dashboard_02_1915b091.jpg; dashboard_03_b42c7f7e.jpg; dashboard_04_82948d6b.jpg; dashboard_05_b2333d0d.jpg,SUCCESS,dashboards/DAIHATSU/TERIOS_O6-2016_TOYOTA_RUSH_2006-2026
FIAT,500,2007-2015,YE-FI012 (11-282); FAIT500 1DIN (11-282),2007 FIAT 500 dashboard interior OEM,5,dashboard_01_53d7c545.jpg; dashboard_02_2bf33975.jpg; dashboard_03_513cbe9a.jpg; dashboard_04_b6333f28.jpg; dashboard_05_63eb02d8.jpg,SUCCESS,dashboards/FIAT/500_2007-2015
FIAT,500,2015,"FEA022 (11-322 9"")",2015 FIAT 500 dashboard interior OEM,5,dashboard_01_2bf33975.jpg; dashboard_02_8d23dd68.jpg; dashboard_03_ed151d0b.jpg; dashboard_04_ab844066.jpg; dashboard_05_4c139099.jpg,SUCCESS,dashboards/FIAT/500_2015
FORD,BANTAM FIESTA/IKON 1995-2004,2005-2011,AS-FORD BANTAM; PO-FORD BANTAM; YE-FR011 (11-548),2005 FORD BANTAM FIESTA/IKON 1995-2004 dashboard interior OEM,5,dashboard_01_f2682bc1.jpg; dashboard_02_5201a995.jpg; dashboard_03_4cc80998.jpg; dashboard_04_05961499.jpg; dashboard_05_8b83edf1.jpg,SUCCESS,dashboards/FORD/BANTAM_FIESTAIKON_1995-2004_2005-2011
FORD,FIESTA,,FEA023, FORD FIESTA dashboard interior OEM,5,dashboard_01_6d4f55ee.jpg; dashboard_02_d7ae76d7.jpg; dashboard_03_a85cae5e.jpg; dashboard_04_74281005.jpg; dashboard_05_eb91b769.jpg,SUCCESS,dashboards/FORD/FIESTA_
FORD,FIESTA,2014,AJ-FD-001,2014 FORD FIESTA dashboard interior OEM,5,dashboard_01_6d4f55ee.jpg; dashboard_02_cd790cc0.jpg; dashboard_03_2586d38f.jpg; dashboard_04_eaf3688a.jpg; dashboard_05_8486efd1.jpg,SUCCESS,dashboards/FORD/FIESTA_2014
FORD,FIESTA 3 SLOT,2001-2005,FA-PZ-0005 (11-049),2001 FORD FIESTA 3 SLOT dashboard interior OEM,5,dashboard_01_ba063ea5.jpg; dashboard_02_4919a822.jpg; dashboard_03_779d3730.jpg; dashboard_04_86a95af1.jpg; dashboard_05_5537feaf.jpg,SUCCESS,dashboards/FORD/FIESTA_3_SLOT_2001-2005
FORD,FIESTA/FOCUS/KUGA,2006-2008,FA-FORD FOCUS/FA-PZ-26058 (10-001),2006 FORD FIESTA/FOCUS/KUGA dashboard interior OEM,5,dashboard_01_6c9dd272.jpg; dashboard_02_6ba3d1b3.jpg; dashboard_03_c21cc7c6.jpg; dashboard_04_b77393f1.jpg; dashboard_05_908ec36e.jpg,SUCCESS,dashboards/FORD/FIESTAFOCUSKUGA_2006-2008
FORD,FIGO,,FEA028, FORD FIGO dashboard interior OEM,5,dashboard_01_14aeb74e.jpg; dashboard_02_04d66fe9.jpg; dashboard_03_54d4d867.jpg; dashboard_04_fdd0bd69.jpg; dashboard_05_7c471f4c.jpg,SUCCESS,dashboards/FORD/FIGO_
FORD,FIGO,2019-2021,AJ-FD-039,2019 FORD FIGO dashboard interior OEM,5,dashboard_01_a5068e81.jpg; dashboard_02_04d66fe9.jpg; dashboard_03_c5eec394.jpg; dashboard_04_13970322.jpg; dashboard_05_34ebc575.jpg,SUCCESS,dashboards/FORD/FIGO_2019-2021
FORD,FIGO +,,FEA902; FEA646; FA-YE-FR107N, FORD FIGO + dashboard interior OEM,5,dashboard_01_04d66fe9.jpg; dashboard_02_10d300e6.jpg; dashboard_03_ccd61f4c.jpg; dashboard_04_e7192cf7.jpg; dashboard_05_1125c835.jpg,SUCCESS,dashboards/FORD/FIGO_
FORD,FIGO ASPIRE,,AJ-FD-TK0646, FORD FIGO ASPIRE dashboard interior OEM,5,dashboard_01_299e3b9b.jpg; dashboard_02_1125c835.jpg; dashboard_03_04d66fe9.jpg; dashboard_04_0b89c8e1.jpg; dashboard_05_33a7f692.jpg,SUCCESS,dashboards/FORD/FIGO_ASPIRE_
FORD,FIGO ASPIRE/FREESTYLE,,AJ-FD-TK0767, FORD FIGO ASPIRE/FREESTYLE dashboard interior OEM,5,dashboard_01_1125c835.jpg; dashboard_02_5e451865.jpg; dashboard_03_f48fa05f.jpg; dashboard_04_cd8917e1.jpg; dashboard_05_fae419fc.jpg,SUCCESS,dashboards/FORD/FIGO_ASPIREFREESTYLE_
FORD,FIGO POCKET,,FA-FORD FIGO (11-047), FORD FIGO POCKET dashboard interior OEM,5,dashboard_01_409823a8.jpg; dashboard_02_421960b0.jpg; dashboard_03_38b203b7.jpg; dashboard_04_0e59c811.jpg; dashboard_05_7c471f4c.jpg,SUCCESS,dashboards/FORD/FIGO_POCKET_
FORD,FOCUS,2008,AJ-FD-TK0041E (22-630),2008 FORD FOCUS dashboard interior OEM,5,dashboard_01_a2cd6d4a.jpg; dashboard_02_60c2c86e.jpg; dashboard_03_12fc524c.jpg; dashboard_04_2defcbe6.jpg; dashboard_05_f37d3a13.jpg,SUCCESS,dashboards/FORD/FOCUS_2008
FORD,FOCUS,2018,AJ-FD-008 (22-645),2018 FORD FOCUS dashboard interior OEM,5,dashboard_01_9a8f4a9e.jpg; dashboard_02_5be969c9.jpg; dashboard_03_c7a47aee.jpg; dashboard_04_847925f9.png; dashboard_05_cdbfd4bf.jpg,SUCCESS,dashboards/FORD/FOCUS_2018
FORD,FOCUS - (),2008,FEA041 (22-630); AJ-FD-006 (22-630),2008 FORD FOCUS - () dashboard interior OEM,5,dashboard_01_a2cd6d4a.jpg; dashboard_02_33bc5e0e.jpg; dashboard_03_60c2c86e.jpg; dashboard_04_2defcbe6.jpg; dashboard_05_ac8176ae.jpg,SUCCESS,dashboards/FORD/FOCUS_-_2008
FORD,FOCUS/FIESTA,2011,"FEA032 (11-810 9""); FEA990 (11- 810 9"")",2011 FORD FOCUS/FIESTA dashboard interior OEM,5,dashboard_01_4919a822.jpg; dashboard_02_7e4de949.jpg; dashboard_03_16be95c3.jpg; dashboard_04_63cd0162.jpg; dashboard_05_a37ffd34.jpg,SUCCESS,dashboards/FORD/FOCUSFIESTA_2011
FORD,KA,1996-2008,PZ-0006 (11-681),1996 FORD KA dashboard interior OEM,5,dashboard_01_c4732ffb.jpg; dashboard_02_e002bdcc.jpg; dashboard_03_61866fa6.jpg; dashboard_04_2e0af0ea.jpg; dashboard_05_781baab9.jpg,SUCCESS,dashboards/FORD/KA_1996-2008
FORD,KUGA,,FEA024 (22-687), FORD KUGA dashboard interior OEM,5,dashboard_01_729fd000.jpg; dashboard_02_3e90bba6.jpg; dashboard_03_30f8346c.jpg; dashboard_04_208f544d.jpg; dashboard_05_2b55bd1a.jpg,SUCCESS,dashboards/FORD/KUGA_
FORD,KUGA CMAX 2010+,2011,YE-FR020 (11-159),2011 FORD KUGA CMAX 2010+ dashboard interior OEM,5,dashboard_01_9ef83ada.jpg; dashboard_02_706a8968.png; dashboard_03_e3ff0a00.jpg; dashboard_04_a0c4f8a9.jpg; dashboard_05_a5324581.jpg,SUCCESS,dashboards/FORD/KUGA_CMAX_2010_2011
FORD,KUGA/ESCAPE,,"AJ-FD-031 (11-276 9"")", FORD KUGA/ESCAPE dashboard interior OEM,5,dashboard_01_208f544d.jpg; dashboard_02_445ac467.jpg; dashboard_03_30f8346c.jpg; dashboard_04_3e90bba6.jpg; dashboard_05_51ed8225.jpg,SUCCESS,dashboards/FORD/KUGAESCAPE_
FORD,RANGER,,AJ-FD-028 (22-626); FEA034 (22-626), FORD RANGER dashboard interior OEM,5,dashboard_01_c052d7e3.jpg; dashboard_02_dc5fa291.jpg; dashboard_03_62a9e9a6.jpg; dashboard_04_87c70bb3.jpg; dashboard_05_42f19898.jpg,SUCCESS,dashboards/FORD/RANGER_
FORD,RANGER,2015+,AJ-FD-024 (22-621),2015 FORD RANGER dashboard interior OEM,5,dashboard_01_fa371a56.jpg; dashboard_02_42f19898.jpg; dashboard_03_09dc1dd8.jpg; dashboard_04_a2de9f82.jpg; dashboard_05_a5f4143d.jpg,SUCCESS,dashboards/FORD/RANGER_2015-present
FORD,RANGER T6 & SWITCHES,2012-2015,FEA033 (22-313),2012 FORD RANGER T6 & SWITCHES dashboard interior OEM,5,dashboard_01_0fa79f35.jpg; dashboard_02_309bd72d.jpg; dashboard_03_59cd1c92.jpg; dashboard_04_63ba37a3.jpg; dashboard_05_a0950846.jpg,SUCCESS,dashboards/FORD/RANGER_T6_SWITCHES_2012-2015
FORD,RANGER T7,2015+,AJ-FD-TK0617 T7 (22-621),2015 FORD RANGER T7 dashboard interior OEM,5,dashboard_01_fa371a56.jpg; dashboard_02_2ebea911.jpg; dashboard_03_b768f2c7.jpg; dashboard_04_35a422f2.jpg; dashboard_05_5dc6f69b.jpg,SUCCESS,dashboards/FORD/RANGER_T7_2015-present
FORD,RANGER T7 +,,FA-FORD RANGER T7 (11-626), FORD RANGER T7 + dashboard interior OEM,5,dashboard_01_c052d7e3.jpg; dashboard_02_dc5fa291.jpg; dashboard_03_42f19898.jpg; dashboard_04_8dab7d10.png; dashboard_05_2ebea911.jpg,SUCCESS,dashboards/FORD/RANGER_T7_
FORD,RANGER/EVEREST,2015+,AJ-FD-029 (22-621); AJ-FD-029-D (22-621),2015 FORD RANGER/EVEREST dashboard interior OEM,5,dashboard_01_fa371a56.jpg; dashboard_02_34ea6ca8.jpg; dashboard_03_b768f2c7.jpg; dashboard_04_0fa0aa77.jpg; dashboard_05_e98b4781.jpg,SUCCESS,dashboards/FORD/RANGEREVEREST_2015-present
FORD,RANGER/TRANSIT/TOURNEO,,"AJ-FD-TK0680A (11-491 9"")", FORD RANGER/TRANSIT/TOURNEO dashboard interior OEM,5,dashboard_01_285a057a.jpg; dashboard_02_2ebea911.jpg; dashboard_03_a0a59422.jpg; dashboard_04_e7e4cdec.jpg; dashboard_05_35a422f2.jpg,SUCCESS,dashboards/FORD/RANGERTRANSITTOURNEO_
FORD,TRANSIT,,"FEA680 (11-491 9"")", FORD TRANSIT dashboard interior OEM,5,dashboard_01_93312eea.jpg; dashboard_02_a958543f.jpg; dashboard_03_719d3072.jpg; dashboard_04_c2096dee.jpg; dashboard_05_cb59135a.jpg,SUCCESS,dashboards/FORD/TRANSIT_
FOTON,TAXI,,FEA313, FOTON TAXI dashboard interior OEM,5,dashboard_01_4a5aa4cd.jpg; dashboard_02_de619f51.jpg; dashboard_03_8808239e.jpg; dashboard_04_3ba55d0b.jpg; dashboard_05_4f7febc3.jpg,SUCCESS,dashboards/FOTON/TAXI_
GWM,P SERIES +,,AJ-CC-030, GWM P SERIES + dashboard interior OEM,5,dashboard_01_0ad0636c.jpg; dashboard_02_dc7f8a35.jpg; dashboard_03_f9fb45b8.jpg; dashboard_04_6f2b5d19.jpg; dashboard_05_0c42076d.jpg,SUCCESS,dashboards/GWM/P_SERIES_
GWM,STEED 6 +,,AJ-CC-022, GWM STEED 6 + dashboard interior OEM,5,dashboard_01_db8991e3.jpg; dashboard_02_97efca2a.jpg; dashboard_03_d877491b.jpg; dashboard_04_7d563fd4.jpg; dashboard_05_eb6caf59.jpg,SUCCESS,dashboards/GWM/STEED_6_
HAVAL,H1,,AJ-CC-017, HAVAL H1 dashboard interior OEM,5,dashboard_01_f872187d.jpg; dashboard_02_e7dad22b.jpg; dashboard_03_7698ee37.jpg; dashboard_04_ed61b106.jpg; dashboard_05_687ea3e6.jpg,SUCCESS,dashboards/HAVAL/H1_
HAVAL,H2,,AJ-CC-012, HAVAL H2 dashboard interior OEM,5,dashboard_01_2328757b.jpg; dashboard_02_7698ee37.jpg; dashboard_03_0777818c.jpg; dashboard_04_890a676a.jpg; dashboard_05_fa5e9c66.jpg,SUCCESS,dashboards/HAVAL/H2_
HAVAL,H6,,AJ-CC-009 (22-906), HAVAL H6 dashboard interior OEM,5,dashboard_01_c5f9efc9.jpg; dashboard_02_1995cef3.jpg; dashboard_03_6c96e422.jpg; dashboard_04_f14eb616.jpg; dashboard_05_aa999711.jpg,SUCCESS,dashboards/HAVAL/H6_
HONDA,ACCORD,,AJ-HND-TK0669C, HONDA ACCORD dashboard interior OEM,5,dashboard_01_9637829c.jpg; dashboard_02_84805331.jpg; dashboard_03_333d6039.jpg; dashboard_04_c8a4209c.jpg; dashboard_05_29dcc6ab.jpg,SUCCESS,dashboards/HONDA/ACCORD_
HONDA,BRIO,2015,YE-HO035 (11-388),2015 HONDA BRIO dashboard interior OEM,5,dashboard_01_2997a630.jpg; dashboard_02_a0966852.jpg; dashboard_03_41f1e049.jpg; dashboard_04_82b65b18.jpg; dashboard_05_4fdacb44.jpg,SUCCESS,dashboards/HONDA/BRIO_2015
HONDA,BRV,,"FEA045 (11-699 9""); FEA532 (11-699 9""); AJ-HND-TK0532 (11-699 9"")", HONDA BRV dashboard interior OEM,5,dashboard_01_c7b65b6e.jpg; dashboard_02_ff618f77.jpg; dashboard_03_973a7e67.jpg; dashboard_04_47daa4d1.jpg; dashboard_05_2598d816.jpg,SUCCESS,dashboards/HONDA/BRV_
HONDA,CITY,2014,"AJ-HND-TK0520 (11-507 10.1""); FEA520 (11-507 10.1"")",2014 HONDA CITY dashboard interior OEM,5,dashboard_01_46f95e03.jpg; dashboard_02_68ad0c8c.jpg; dashboard_03_284ef018.jpg; dashboard_04_5ec579bb.jpg; dashboard_05_a3364a80.jpg,SUCCESS,dashboards/HONDA/CITY_2014
HONDA,CIVIC HATCHBACH,2017,"FEA122 (11-344 9"")",2017 HONDA CIVIC HATCHBACH dashboard interior OEM,5,dashboard_01_62477b21.png; dashboard_02_a9602d57.jpg; dashboard_03_beb1ee2f.jpg; dashboard_04_92475076.jpg; dashboard_05_9da19846.jpg,SUCCESS,dashboards/HONDA/CIVIC_HATCHBACH_2017
HONDA,CIVIC TYPE-R,,FEA121 (11-223); FEA048 (22-218), HONDA CIVIC TYPE-R dashboard interior OEM,5,dashboard_01_a547a35f.jpg; dashboard_02_263ffc51.jpg; dashboard_03_ae2c0404.jpg; dashboard_04_b6e4610a.jpg; dashboard_05_b962b770.jpg,SUCCESS,dashboards/HONDA/CIVIC_TYPE-R_
HONDA,CRV,2012,AJ-HND-TK0110 (22-012); FA-FEA110 (22-012),2012 HONDA CRV dashboard interior OEM,5,dashboard_01_c8551159.jpg; dashboard_02_2c029a75.jpg; dashboard_03_94ad7b0a.jpg; dashboard_04_55438c2f.jpg; dashboard_05_047d4895.jpg,SUCCESS,dashboards/HONDA/CRV_2012
HONDA,JAZZ,2008,YE-HO031 (11-213); YE-HO031 (22-213),2008 HONDA JAZZ dashboard interior OEM,5,dashboard_01_8b4c70a5.jpg; dashboard_02_64d0c876.jpg; dashboard_03_ab52d506.jpg; dashboard_04_cb52416d.jpg; dashboard_05_9b6fbcec.jpg,SUCCESS,dashboards/HONDA/JAZZ_2008
HONDA,JAZZ,2013,FEA601 (22-671); YE-HO014 (11-220),2013 HONDA JAZZ dashboard interior OEM,5,dashboard_01_5981be6e.jpg; dashboard_02_929d1889.jpg; dashboard_03_4c7b5e52.jpg; dashboard_04_aedf9572.jpg; dashboard_05_3214beef.jpg,SUCCESS,dashboards/HONDA/JAZZ_2013
HONDA,XRV,,FEA045 (22-040), HONDA XRV dashboard interior OEM,5,dashboard_01_c8551159.jpg; dashboard_02_b8b0f60b.jpg; dashboard_03_6d9f0f73.jpg; dashboard_04_d47c088a.jpg; dashboard_05_e9d587dd.jpg,SUCCESS,dashboards/HONDA/XRV_
HYUNDAI,ACCENT,2017,FEA711,2017 HYUNDAI ACCENT dashboard interior OEM,5,dashboard_01_659abc92.jpg; dashboard_02_fc211bff.png; dashboard_03_4edfaf55.jpg; dashboard_04_155f48f1.jpg; dashboard_05_ef89b5cd.jpg,SUCCESS,dashboards/HYUNDAI/ACCENT_2017
HYUNDAI,ACCENT/ I25/ VERNA,2010-2017,RU-HYUNDAI VERNA (11-105); FEA093 (22-105),2010 HYUNDAI ACCENT/ I25/ VERNA dashboard interior OEM,5,dashboard_01_851b5278.jpg; dashboard_02_fc211bff.png; dashboard_03_8646cb39.jpg; dashboard_04_7068411d.png; dashboard_05_07042dff.jpg,SUCCESS,dashboards/HYUNDAI/ACCENT_I25_VERNA_2010-2017
HYUNDAI,CRETA/IX25 +,,"YE-HYRE080 (11-656); FEA219 (22-656 9""); AJ-HY-003 (22-656)", HYUNDAI CRETA/IX25 + dashboard interior OEM,5,dashboard_01_241e4b8a.jpg; dashboard_02_b71f4c58.jpg; dashboard_03_55023fa0.jpg; dashboard_04_4d75c005.jpg; dashboard_05_a0cb19e9.jpg,SUCCESS,dashboards/HYUNDAI/CRETAIX25_
HYUNDAI,ELANTRA,,AJ-HY-TK0558 (22-680), HYUNDAI ELANTRA dashboard interior OEM,5,dashboard_01_9d05f154.jpg; dashboard_02_30acfc13.jpg; dashboard_03_562e2976.jpg; dashboard_04_a505f887.jpg; dashboard_05_634cb41a.jpg,SUCCESS,dashboards/HYUNDAI/ELANTRA_
HYUNDAI,H1,2015,MFN001HY (11-144); YE-HY047 (11-144),2015 HYUNDAI H1 dashboard interior OEM,5,dashboard_01_0ac7b312.jpg; dashboard_02_54bb4c92.jpg; dashboard_03_4cf536a0.jpg; dashboard_04_3ac0a2a3.jpg; dashboard_05_cae84001.jpg,SUCCESS,dashboards/HYUNDAI/H1_2015
HYUNDAI,H1/STAREX +,,FA-FEA579 (22-610); FEA059 (22-610), HYUNDAI H1/STAREX + dashboard interior OEM,5,dashboard_01_a04d4a96.jpg; dashboard_02_5138ccdc.jpg; dashboard_03_1ea8545c.jpg; dashboard_04_d231f00b.jpg; dashboard_05_a79ed19a.jpg,SUCCESS,dashboards/HYUNDAI/H1STAREX_
HYUNDAI,SANTA FE/ IX45,2015,FEA217 (22-787),2015 HYUNDAI SANTA FE/ IX45 dashboard interior OEM,5,dashboard_01_4582cc1f.jpg; dashboard_02_4531ecc2.jpg; dashboard_03_7c4e186d.jpg; dashboard_04_7af3d088.jpg; dashboard_05_6574a359.jpg,SUCCESS,dashboards/HYUNDAI/SANTA_FE_IX45_2015
HYUNDAI,SONATA,2008,"FEA710 (11-067 9"")",2008 HYUNDAI SONATA dashboard interior OEM,5,dashboard_01_f9ff4b58.jpg; dashboard_02_2fd75610.jpg; dashboard_03_04be58a7.jpg; dashboard_04_52de4bc8.jpg; dashboard_05_e482c93d.jpg,SUCCESS,dashboards/HYUNDAI/SONATA_2008
HYUNDAI,SONATA,2014,FEA068 (22-140),2014 HYUNDAI SONATA dashboard interior OEM,5,dashboard_01_90f6d9a1.jpg; dashboard_02_cc207b38.jpg; dashboard_03_12fc883b.jpg; dashboard_04_45fe77a2.jpg; dashboard_05_c3352c1e.jpg,SUCCESS,dashboards/HYUNDAI/SONATA_2014
HYUNDAI,TUCSON,2018,AJ-HY-005 (22-070); AJ-HY-011 (22-613); FEA945 (22-613),2018 HYUNDAI TUCSON dashboard interior OEM,5,dashboard_01_d85f86a5.jpg; dashboard_02_6f21ea98.jpg; dashboard_03_38e95e6a.png; dashboard_04_630a24a6.jpg; dashboard_05_0eece60b.jpg,SUCCESS,dashboards/HYUNDAI/TUCSON_2018
HYUNDAI,VELOSTER,,"FEA811 (11-319 9"")", HYUNDAI VELOSTER dashboard interior OEM,5,dashboard_01_9ada5289.jpg; dashboard_02_06c87f20.jpg; dashboard_03_d1002394.jpg; dashboard_04_9c29f40e.jpg; dashboard_05_c8356468.jpg,SUCCESS,dashboards/HYUNDAI/VELOSTER_
HYUNDAI,i10,,FEA551 (22-143); FEA060 (22-143); FEA622; AJ-HY-072, HYUNDAI i10 dashboard interior OEM,5,dashboard_01_c3ff79e7.jpg; dashboard_02_3ac12f6b.jpg; dashboard_03_a8790ef9.jpg; dashboard_04_cccf1a13.jpg; dashboard_05_728294f2.jpg,SUCCESS,dashboards/HYUNDAI/i10_
HYUNDAI,i10,2017,AJ-HY-046 (22-360),2017 HYUNDAI i10 dashboard interior OEM,5,dashboard_01_cccf1a13.jpg; dashboard_02_a8790ef9.jpg; dashboard_03_728294f2.jpg; dashboard_04_1352de8c.jpg; dashboard_05_8288864b.jpg,SUCCESS,dashboards/HYUNDAI/i10_2017
HYUNDAI,i20,,FEA560 (22-800); FEA067 (22-800), HYUNDAI i20 dashboard interior OEM,5,dashboard_01_6796a11b.jpg; dashboard_02_e2590ab4.jpg; dashboard_03_35513245.jpg; dashboard_04_110f6b70.jpg; dashboard_05_24def943.jpg,SUCCESS,dashboards/HYUNDAI/i20_
HYUNDAI,i20,2012,FEA064; FA-HYUNDAI I20 (11-066),2012 HYUNDAI i20 dashboard interior OEM,5,dashboard_01_e2590ab4.jpg; dashboard_02_65d171db.jpg; dashboard_03_35513245.jpg; dashboard_04_110f6b70.jpg; dashboard_05_b8ca603b.jpg,SUCCESS,dashboards/HYUNDAI/i20_2012
HYUNDAI,i20,2018,RU-HYUNDAI I20 (11-703); FEA065 (22-703); FEA559 (22-703),2018 HYUNDAI i20 dashboard interior OEM,5,dashboard_01_6796a11b.jpg; dashboard_02_419dcebf.jpg; dashboard_03_8efec68e.jpg; dashboard_04_e2590ab4.jpg; dashboard_05_66b7e779.jpg,SUCCESS,dashboards/HYUNDAI/i20_2018
HYUNDAI,i20 - WITH MANUAL,2014,"FEA062 (11-426 9"")",2014 HYUNDAI i20 - WITH MANUAL dashboard interior OEM,5,dashboard_01_65d171db.jpg; dashboard_02_fca2ab5d.jpg; dashboard_03_17c5a5f7.jpg; dashboard_04_88c0faec.jpg; dashboard_05_35513245.jpg,SUCCESS,dashboards/HYUNDAI/i20_-_WITH_MANUAL_2014
ISUZU,D-MAX,,FA-ISUZU DMAX; AJ-WSL-014; FEA076, ISUZU D-MAX dashboard interior OEM,5,dashboard_01_abfddc40.jpg; dashboard_02_0fce3a68.jpg; dashboard_03_e5773447.jpg; dashboard_04_17c6fa30.jpg; dashboard_05_e53932cb.jpg,SUCCESS,dashboards/ISUZU/D-MAX_
ISUZU,D-MAX,2005,FEA205,2005 ISUZU D-MAX dashboard interior OEM,5,dashboard_01_abfddc40.jpg; dashboard_02_abd92858.jpg; dashboard_03_e5773447.jpg; dashboard_04_2c97d25e.jpg; dashboard_05_e53932cb.jpg,SUCCESS,dashboards/ISUZU/D-MAX_2005
ISUZU,D-MAX,2019,FEA075 (22-293),2019 ISUZU D-MAX dashboard interior OEM,5,dashboard_01_abfddc40.jpg; dashboard_02_279850be.jpg; dashboard_03_e5773447.jpg; dashboard_04_2c97d25e.jpg; dashboard_05_0fce3a68.jpg,SUCCESS,dashboards/ISUZU/D-MAX_2019
JEEP,COMPASS,,AJ-JP-TK0076 (22-810); FEA076 (22-810), JEEP COMPASS dashboard interior OEM,5,dashboard_01_693cfb20.jpg; dashboard_02_010a1e15.jpg; dashboard_03_fc21911f.jpg; dashboard_04_56e0577f.jpg; dashboard_05_f447dfc9.png,SUCCESS,dashboards/JEEP/COMPASS_
JEEP,COMPASS,2007-2009,"FEA078 (11-054 9"")",2007 JEEP COMPASS dashboard interior OEM,5,dashboard_01_62072ebe.jpg; dashboard_02_20a8df76.jpg; dashboard_03_ac0119cf.jpg; dashboard_04_f447dfc9.png; dashboard_05_9208b069.jpg,SUCCESS,dashboards/JEEP/COMPASS_2007-2009
JEEP,GRAND CHEROKEE,1999-2004,PZ-22162 (11-014),1999 JEEP GRAND CHEROKEE dashboard interior OEM,5,dashboard_01_de85dce3.jpg; dashboard_02_4389b5d2.jpg; dashboard_03_18f66522.jpg; dashboard_04_3efbe38c.jpg; dashboard_05_3a11a31d.jpg,SUCCESS,dashboards/JEEP/GRAND_CHEROKEE_1999-2004
JEEP,RENEGADE,2016+,AJ-JP-008 (22-629),2016 JEEP RENEGADE dashboard interior OEM,5,dashboard_01_a0c170e3.jpg; dashboard_02_5abf5e8f.jpg; dashboard_03_0ee3762f.jpg; dashboard_04_ed092c24.jpg; dashboard_05_bfcedf71.jpg,SUCCESS,dashboards/JEEP/RENEGADE_2016-present
JEEP,WRANGLER,2018+,AJ-JP-007,2018 JEEP WRANGLER dashboard interior OEM,5,dashboard_01_de808780.jpg; dashboard_02_328776bd.jpg; dashboard_03_e8c72270.jpg; dashboard_04_8ec3ddec.jpg; dashboard_05_d9e9ee29.jpg,SUCCESS,dashboards/JEEP/WRANGLER_2018-present
JEEP,WRANGLER GRAND CHEROKEE -2010,2007-2016,JDB (11-189),2007 JEEP WRANGLER GRAND CHEROKEE -2010 dashboard interior OEM,5,dashboard_01_6dfceb56.jpg; dashboard_02_8d1435a4.jpg; dashboard_03_588dc56a.jpg; dashboard_04_5cbbbd5d.jpg; dashboard_05_caad6ec7.jpg,SUCCESS,dashboards/JEEP/WRANGLER_GRAND_CHEROKEE_-2010_2007-2016
JEEP,WRANGLER/RUBICORN,2011-2014,FEA231,2011 JEEP WRANGLER/RUBICORN dashboard interior OEM,5,dashboard_01_cc28f2e0.jpg; dashboard_02_dc410f99.jpg; dashboard_03_3c937101.jpg; dashboard_04_4a5578a9.jpg; dashboard_05_02757a41.jpg,SUCCESS,dashboards/JEEP/WRANGLERRUBICORN_2011-2014
JEEP,WRANGLER/RUBICORN DOOR,2008-2010,AJ-JP-TK1035; FEA035; FEA036; AJ-JP-TK1036,2008 JEEP WRANGLER/RUBICORN DOOR dashboard interior OEM,5,dashboard_01_cc28f2e0.jpg; dashboard_02_4a5578a9.jpg; dashboard_03_1f2e97f7.jpg; dashboard_04_dcf976ab.jpg; dashboard_05_5cd29cc3.jpg,SUCCESS,dashboards/JEEP/WRANGLERRUBICORN_DOOR_2008-2010
KIA,CERATO,2012,FEA746 (22-147),2012 KIA CERATO dashboard interior OEM,5,dashboard_01_53390c0f.jpg; dashboard_02_b3b0c480.jpg; dashboard_03_87b9286c.jpg; dashboard_04_a197b8c7.jpg; dashboard_05_58bee7f6.jpg,SUCCESS,dashboards/KIA/CERATO_2012
KIA,FORTE CERATO,2012,FEA067 (22-147),2012 KIA FORTE CERATO dashboard interior OEM,5,dashboard_01_53390c0f.jpg; dashboard_02_b3b0c480.jpg; dashboard_03_87b9286c.jpg; dashboard_04_e8a8ae9d.jpg; dashboard_05_3decf472.jpg,SUCCESS,dashboards/KIA/FORTE_CERATO_2012
KIA,K3/FORTE/SHUMA,,"FEA085 (11-568 9""); FEA946 (11-568 9"")", KIA K3/FORTE/SHUMA dashboard interior OEM,5,dashboard_01_53c89e1d.jpg; dashboard_02_26dfdee5.jpg; dashboard_03_7d0ec164.jpg; dashboard_04_e488a19a.jpg; dashboard_05_22687210.jpg,SUCCESS,dashboards/KIA/K3FORTESHUMA_
KIA,PICANTO,2023,AJ-KIA-094,2023 KIA PICANTO dashboard interior OEM,5,dashboard_01_81c89595.jpg; dashboard_02_7703269e.jpg; dashboard_03_f8759141.jpg; dashboard_04_2031c078.jpg; dashboard_05_852080cd.jpg,SUCCESS,dashboards/KIA/PICANTO_2023
KIA,PICANTO +,,"AJ-KIA-TK0612 (11-397 9""); FEA612 (11-397 9""); AJ-KIA-TK0756 (22-813); AJ-KIA-037 (22-813)", KIA PICANTO + dashboard interior OEM,5,dashboard_01_00b6f2ad.jpg; dashboard_02_0538f982.jpg; dashboard_03_7703269e.jpg; dashboard_04_c76dbe59.jpg; dashboard_05_51c71714.jpg,SUCCESS,dashboards/KIA/PICANTO_
KIA,RIO,2017,"FEA871 (11-602 9"")",2017 KIA RIO dashboard interior OEM,5,dashboard_01_4481d05b.jpg; dashboard_02_58b1d529.jpg; dashboard_03_1b55c66e.jpg; dashboard_04_b78a8164.jpg; dashboard_05_07365eeb.jpg,SUCCESS,dashboards/KIA/RIO_2017
KIA,RIO +,,FEA228, KIA RIO + dashboard interior OEM,5,dashboard_01_1f3488f8.jpg; dashboard_02_96e4b50d.jpg; dashboard_03_c0fece80.jpg; dashboard_04_d5aaaceb.jpg; dashboard_05_8a66756c.jpg,SUCCESS,dashboards/KIA/RIO_
KIA,SORENTO,,FEA225 (22-332), KIA SORENTO dashboard interior OEM,5,dashboard_01_09a634aa.jpg; dashboard_02_385d12d0.jpg; dashboard_03_5eb6d875.jpg; dashboard_04_47a6a596.jpg; dashboard_05_18ee1ffb.jpg,SUCCESS,dashboards/KIA/SORENTO_
KIA,SORENTO +,,AJ-KIA-021 (22-515), KIA SORENTO + dashboard interior OEM,5,dashboard_01_385d12d0.jpg; dashboard_02_09a634aa.jpg; dashboard_03_5eb6d875.jpg; dashboard_04_47a6a596.jpg; dashboard_05_18ee1ffb.jpg,SUCCESS,dashboards/KIA/SORENTO_
KIA,SPORTAGE,2016,FEA093 (22-104); FEA034 (22-104),2016 KIA SPORTAGE dashboard interior OEM,5,dashboard_01_422f716b.jpg; dashboard_02_d6257ed9.jpg; dashboard_03_72965479.jpg; dashboard_04_719b9c9c.jpg; dashboard_05_2c24eae9.jpg,SUCCESS,dashboards/KIA/SPORTAGE_2016
KIA,SPORTAGE/KX5,,FEA092 (22-599), KIA SPORTAGE/KX5 dashboard interior OEM,5,dashboard_01_87e636db.jpg; dashboard_02_a428df96.jpg; dashboard_03_18fa73be.jpg; dashboard_04_f5ef130e.jpg; dashboard_05_b34c0a84.jpg,SUCCESS,dashboards/KIA/SPORTAGEKX5_
LANDROVER,DISCOVERY FREELANDER,2009,FA-LANDROVER (11-075),2009 LANDROVER DISCOVERY FREELANDER dashboard interior OEM,5,dashboard_01_cb5f908b.jpg; dashboard_02_696209e4.jpg; dashboard_03_b7c1ebf6.jpg; dashboard_04_41ffe4d4.jpg; dashboard_05_330e97c8.jpg,SUCCESS,dashboards/LANDROVER/DISCOVERY_FREELANDER_2009
LEXUS,RX300/330/350,2009,"FEA741 (11-116 9"")",2009 LEXUS RX300/330/350 dashboard interior OEM,5,dashboard_01_00929aec.jpg; dashboard_02_7ddda0c9.jpg; dashboard_03_76e14379.jpg; dashboard_04_6939a96c.jpg; dashboard_05_346af386.jpg,SUCCESS,dashboards/LEXUS/RX300330350_2009
MAHINDRA,KUV100 +,,FEA341, MAHINDRA KUV100 + dashboard interior OEM,5,dashboard_01_788f179f.jpg; dashboard_02_13b9bf74.jpg; dashboard_03_97aecf3d.jpg; dashboard_04_e5b213e6.jpg; dashboard_05_eb585c3a.jpg,SUCCESS,dashboards/MAHINDRA/KUV100_
MAHINDRA,SCORPIO AUTO,,AJ-MHD-TK0569; FEA098, MAHINDRA SCORPIO AUTO dashboard interior OEM,5,dashboard_01_f341fad4.jpg; dashboard_02_e67ad080.jpg; dashboard_03_78dd16bf.jpg; dashboard_04_fc8923b2.jpg; dashboard_05_b9323497.jpg,SUCCESS,dashboards/MAHINDRA/SCORPIO_AUTO_
MAHINDRA,THAR,,FEA644, MAHINDRA THAR dashboard interior OEM,5,dashboard_01_f3c6b7bf.jpg; dashboard_02_67882b11.jpg; dashboard_03_27e7863e.jpg; dashboard_04_cd8b2901.jpg; dashboard_05_5cb815df.jpg,SUCCESS,dashboards/MAHINDRA/THAR_
MAHINDRA,XUV 500,,FEA645, MAHINDRA XUV 500 dashboard interior OEM,5,dashboard_01_18fdd5d2.jpg; dashboard_02_ebf54f7d.jpg; dashboard_03_533a1afc.jpg; dashboard_04_eb465ad7.jpg; dashboard_05_ccaaf860.jpg,SUCCESS,dashboards/MAHINDRA/XUV_500_
MAZDA,2,,FEA667 (22-079); AJ-MZ-TK0667 (22-079), MAZDA 2 dashboard interior OEM,5,dashboard_01_92c504a8.jpg; dashboard_02_8165c9d5.jpg; dashboard_03_55dc288f.jpg; dashboard_04_6fef8683.jpg; dashboard_05_edf9f410.jpg,SUCCESS,dashboards/MAZDA/2_
MAZDA,3,2009,FEA245 (22-081); AJ-MZ-TK0245 (22-081),2009 MAZDA 3 dashboard interior OEM,5,dashboard_01_7e2e35bf.jpg; dashboard_02_92069fcf.jpg; dashboard_03_bb8d6b46.jpg; dashboard_04_b834b214.jpg; dashboard_05_f96b3586.jpg,SUCCESS,dashboards/MAZDA/3_2009
MAZDA,3,2013,FEA228 (22-082),2013 MAZDA 3 dashboard interior OEM,5,dashboard_01_92069fcf.jpg; dashboard_02_9b29cc73.png; dashboard_03_8491688b.jpg; dashboard_04_f2f3a3d7.jpg; dashboard_05_bb8d6b46.jpg,SUCCESS,dashboards/MAZDA/3_2013
MAZDA,3,2017,AJ-MZ-015 (22-781),2017 MAZDA 3 dashboard interior OEM,5,dashboard_01_486bc095.jpg; dashboard_02_b3b6fd72.jpg; dashboard_03_c666de6c.jpg; dashboard_04_9cd9879d.jpg; dashboard_05_1a470e4d.jpg,SUCCESS,dashboards/MAZDA/3_2017
MAZDA,5,,FEA105 (22-177), MAZDA 5 dashboard interior OEM,5,dashboard_01_b3517793.jpg; dashboard_02_17080f97.jpg; dashboard_03_ebda65a0.jpg; dashboard_04_ce4a6bf5.jpg; dashboard_05_f0936699.jpg,SUCCESS,dashboards/MAZDA/5_
MAZDA,5,2010,LU754 (22-084),2010 MAZDA 5 dashboard interior OEM,5,dashboard_01_07ab1cdb.jpg; dashboard_02_1099b6b9.jpg; dashboard_03_d052ac90.jpg; dashboard_04_b834b214.jpg; dashboard_05_e48908ed.jpg,SUCCESS,dashboards/MAZDA/5_2010
MAZDA,6,2004-2009,FEA263 (22-345),2004 MAZDA 6 dashboard interior OEM,5,dashboard_01_93abef29.jpg; dashboard_02_2c83e2dd.jpg; dashboard_03_c28aa6f4.jpg; dashboard_04_908a6bc4.jpg; dashboard_05_39c1df62.jpg,SUCCESS,dashboards/MAZDA/6_2004-2009
MAZDA,BT50,,AJ-FR-035 (22-275); FEA109 (22-275), MAZDA BT50 dashboard interior OEM,5,dashboard_01_ca26263e.jpg; dashboard_02_075f6842.jpg; dashboard_03_051254b1.jpg; dashboard_04_65a2fe30.jpg; dashboard_05_ff68dbdc.jpg,SUCCESS,dashboards/MAZDA/BT50_
MAZDA,BT50 - /DOOR LOCK BUTTONS,2018,"AJ-MZ-014 (11-516 9"")",2018 MAZDA BT50 - /DOOR LOCK BUTTONS dashboard interior OEM,5,dashboard_01_65a2fe30.jpg; dashboard_02_080f44f4.jpg; dashboard_03_e24eb024.jpg; dashboard_04_dcc285a3.jpg; dashboard_05_87d7f533.jpg,SUCCESS,dashboards/MAZDA/BT50_-_DOOR_LOCK_BUTTONS_2018
MAZDA,MX-5,,"FEA112 (11-176 9"")", MAZDA MX-5 dashboard interior OEM,5,dashboard_01_e189c497.jpg; dashboard_02_111d17a0.jpg; dashboard_03_a9783598.jpg; dashboard_04_70a7b318.jpg; dashboard_05_58a8dae3.jpg,SUCCESS,dashboards/MAZDA/MX-5_
MAZDA,RX-8,2008,"FEA452 (11-234 9""); AJ-MZ-035 (11-086 9"")",2008 MAZDA RX-8 dashboard interior OEM,5,dashboard_01_d92d0155.jpg; dashboard_02_3cbefebe.jpg; dashboard_03_e4856c76.jpg; dashboard_04_c15c0232.jpg; dashboard_05_16349737.jpg,SUCCESS,dashboards/MAZDA/RX-8_2008
MERCEDES,A/B-CLASS (W169/W245) - VITO VW CRAFTER,2013,PZ21003/FA-CRAFTER (11-497),2013 MERCEDES A/B-CLASS (W169/W245) - VITO VW CRAFTER dashboard interior OEM,5,dashboard_01_0787a3b2.jpg; dashboard_02_87721e04.jpg; dashboard_03_d6787c8c.png; dashboard_04_6f04a208.png; dashboard_05_b29e2c5c.png,SUCCESS,dashboards/MERCEDES/AB-CLASS_W169W245_-_VITO_VW_CRAFTER_2013
MERCEDES,B200/VIANO VITO W209,2014,RU-MERC B200 (11-133); FEA115 (22-133); AJ-MBZ-001 (22-133),2014 MERCEDES B200/VIANO VITO W209 dashboard interior OEM,5,dashboard_01_d70aa219.jpg; dashboard_02_5e8640d3.jpg; dashboard_03_b73113e9.jpg; dashboard_04_f3d4b956.jpg; dashboard_05_37945085.jpg,SUCCESS,dashboards/MERCEDES/B200VIANO_VITO_W209_2014
MERCEDES,C-CLASS,2011,RU-MERC C 2DIN (11-359),2011 MERCEDES C-CLASS dashboard interior OEM,5,dashboard_01_3daa2b33.jpg; dashboard_02_2f07d5f9.jpg; dashboard_03_96fef83c.jpg; dashboard_04_551069e9.jpg; dashboard_05_8d2c8730.jpg,SUCCESS,dashboards/MERCEDES/C-CLASS_2011
MERCEDES,C-CLASS,2014,FEA842 (11-359),2014 MERCEDES C-CLASS dashboard interior OEM,5,dashboard_01_4ac2264b.jpg; dashboard_02_8d2c8730.jpg; dashboard_03_3e2f1691.jpg; dashboard_04_df3e51da.jpg; dashboard_05_551069e9.jpg,SUCCESS,dashboards/MERCEDES/C-CLASS_2014
MERCEDES,C-CLASS GLK -2009,2004-2009,"FEA926 (11-132 9""); AJ-MBZ-010 (11-132 9"")",2004 MERCEDES C-CLASS GLK -2009 dashboard interior OEM,5,dashboard_01_c942b175.jpg; dashboard_02_56fac551.jpg; dashboard_03_7fc16f31.jpg; dashboard_04_8e41c8cf.jpg; dashboard_05_cb48617c.jpg,SUCCESS,dashboards/MERCEDES/C-CLASS_GLK_-2009_2004-2009
MERCEDES,E-CLASS W211,2002-2009,"FEA760 (11-451 9""); AJ-MBZ-TK0760 (22-023)",2002 MERCEDES E-CLASS W211 dashboard interior OEM,5,dashboard_01_7e37fbfa.jpg; dashboard_02_58fd50ee.jpg; dashboard_03_de84cb1f.jpg; dashboard_04_9733c77b.jpg; dashboard_05_238cd06c.jpg,SUCCESS,dashboards/MERCEDES/E-CLASS_W211_2002-2009
MERCEDES,M-CLASS W164,2005-2011,FEA761 (22-023),2005 MERCEDES M-CLASS W164 dashboard interior OEM,5,dashboard_01_230a1a51.jpg; dashboard_02_e95be176.jpg; dashboard_03_6928f79a.jpg; dashboard_04_c76c6d28.jpg; dashboard_05_a668ec79.jpg,SUCCESS,dashboards/MERCEDES/M-CLASS_W164_2005-2011
MERCEDES,SLK,2011,YE-BE015 (11-607),2011 MERCEDES SLK dashboard interior OEM,5,dashboard_01_d3aea8a9.jpg; dashboard_02_d21a8be6.jpg; dashboard_03_1400578b.jpg; dashboard_04_cfa9c856.jpg; dashboard_05_26895fc5.jpg,SUCCESS,dashboards/MERCEDES/SLK_2011
MERCEDES,SPRINTER /VW CRAFTER -2016,2006,"FEA705 (11-714 9""); YE-BE022 (11-714)",2006 MERCEDES SPRINTER /VW CRAFTER -2016 dashboard interior OEM,5,dashboard_01_a09f6662.jpg; dashboard_02_77f51a8c.jpg; dashboard_03_9d241ba7.jpg; dashboard_04_4dad0750.jpg; dashboard_05_11ff00ae.jpg,SUCCESS,dashboards/MERCEDES/SPRINTER_VW_CRAFTER_-2016_2006
MERCEDES,VITO,2003-2006,PZ-20001 (11-010),2003 MERCEDES VITO dashboard interior OEM,5,dashboard_01_80276c42.jpg; dashboard_02_fcebbdc6.jpg; dashboard_03_7bedf75b.jpg; dashboard_04_79268f84.jpg; dashboard_05_9b3c8a5c.jpg,SUCCESS,dashboards/MERCEDES/VITO_2003-2006
MERCEDES,VITO,2010,AJ-MBZ-029,2010 MERCEDES VITO dashboard interior OEM,5,dashboard_01_7eb57717.jpg; dashboard_02_80276c42.jpg; dashboard_03_2b4731d8.jpg; dashboard_04_5e8640d3.jpg; dashboard_05_854801ab.jpg,SUCCESS,dashboards/MERCEDES/VITO_2010
MERCEDES,VITO,2014-2018,FEA120; FEA135; FEA779,2014 MERCEDES VITO dashboard interior OEM,5,dashboard_01_dbef15d4.jpg; dashboard_02_1c498445.jpg; dashboard_03_1cf39097.jpg; dashboard_04_1f099dd7.jpg; dashboard_05_a4d2f264.jpg,SUCCESS,dashboards/MERCEDES/VITO_2014-2018
MITSUBISHI,LANCER 10.1,,FEA232 (22-006), MITSUBISHI LANCER 10.1 dashboard interior OEM,5,dashboard_01_d7a94ffd.jpg; dashboard_02_8275f0ab.jpg; dashboard_03_72c84ebd.jpg; dashboard_04_d191433e.jpg; dashboard_05_eeb0b133.jpg,SUCCESS,dashboards/MITSUBISHI/LANCER_101_
MITSUBISHI,NEW STRENGTH DAZZLE 10.1,,FEA122, MITSUBISHI NEW STRENGTH DAZZLE 10.1 dashboard interior OEM,5,dashboard_01_dbfa1c77.jpg; dashboard_02_a2555072.jpg; dashboard_03_03440d9b.png; dashboard_04_2d30167e.png; dashboard_05_3fc0a1e4.jpg,SUCCESS,dashboards/MITSUBISHI/NEW_STRENGTH_DAZZLE_101_
MITSUBISHI,OUTLANDER,2012,FEA123 (22-004),2012 MITSUBISHI OUTLANDER dashboard interior OEM,5,dashboard_01_da6b9f36.jpg; dashboard_02_206541e8.jpg; dashboard_03_fe27b13e.jpg; dashboard_04_5efa33fc.jpg; dashboard_05_e8a67e65.jpg,SUCCESS,dashboards/MITSUBISHI/OUTLANDER_2012
MITSUBISHI,PAJERO,2007+,FA-FEA557 (22-005),2007 MITSUBISHI PAJERO dashboard interior OEM,5,dashboard_01_6fd4125d.jpg; dashboard_02_31f54dc1.jpg; dashboard_03_2924eaed.jpg; dashboard_04_ddfa9541.jpg; dashboard_05_534c1606.jpg,SUCCESS,dashboards/MITSUBISHI/PAJERO_2007-present
MITSUBISHI,PAJERO SPORT,,FEA221 (22-988), MITSUBISHI PAJERO SPORT dashboard interior OEM,5,dashboard_01_6fd4125d.jpg; dashboard_02_dc42259e.jpg; dashboard_03_e9abe8de.jpg; dashboard_04_38223101.jpg; dashboard_05_31f54dc1.jpg,SUCCESS,dashboards/MITSUBISHI/PAJERO_SPORT_
MITSUBISHI,PAJERO SPORT/TRITON,,"FEA222 (11-637 9"")", MITSUBISHI PAJERO SPORT/TRITON dashboard interior OEM,5,dashboard_01_534c1606.jpg; dashboard_02_b00f9521.jpg; dashboard_03_bbe1bfb7.jpg; dashboard_04_3977bc0a.jpg; dashboard_05_da7b9e88.jpg,SUCCESS,dashboards/MITSUBISHI/PAJERO_SPORTTRITON_
MITSUBISHI,PAJERO SPORT/TRITON,2015,FEA125 (22-156),2015 MITSUBISHI PAJERO SPORT/TRITON dashboard interior OEM,5,dashboard_01_534c1606.jpg; dashboard_02_b00f9521.jpg; dashboard_03_ff996482.jpg; dashboard_04_9112234e.jpg; dashboard_05_960824d9.jpg,SUCCESS,dashboards/MITSUBISHI/PAJERO_SPORTTRITON_2015
NISSAN,JUKE,2016,FEA213,2016 NISSAN JUKE dashboard interior OEM,5,dashboard_01_183d0f05.jpg; dashboard_02_5c400c59.jpg; dashboard_03_444c849a.jpg; dashboard_04_1054a5dd.jpg; dashboard_05_a5aa475f.jpg,SUCCESS,dashboards/NISSAN/JUKE_2016
NISSAN,LIVINA/NAVARA,,YE-NI020 (11-429), NISSAN LIVINA/NAVARA dashboard interior OEM,5,dashboard_01_761a8c5a.jpg; dashboard_02_60600dc9.jpg; dashboard_03_9eb2678b.jpg; dashboard_04_796dd3a3.jpg; dashboard_05_8c4c5b4d.jpg,SUCCESS,dashboards/NISSAN/LIVINANAVARA_
NISSAN,MAGNITE,,AJ-NS-TK1326, NISSAN MAGNITE dashboard interior OEM,5,dashboard_01_f79e7897.jpg; dashboard_02_ebfa14b7.jpg; dashboard_03_f461837e.jpg; dashboard_04_e2f94742.jpg; dashboard_05_d2ec35af.jpg,SUCCESS,dashboards/NISSAN/MAGNITE_
NISSAN,MICRA,,FEA046 (22-017), NISSAN MICRA dashboard interior OEM,5,dashboard_01_e29f9838.jpg; dashboard_02_ddcef6fc.jpg; dashboard_03_458dc27a.jpg; dashboard_04_278a687c.jpg; dashboard_05_f97e2bbb.jpg,SUCCESS,dashboards/NISSAN/MICRA_
NISSAN,MICRA,2013,"FEA212 (11-295 9"")",2013 NISSAN MICRA dashboard interior OEM,5,dashboard_01_e29f9838.jpg; dashboard_02_e975c675.jpg; dashboard_03_f750d1c7.jpg; dashboard_04_daea3a32.jpg; dashboard_05_cc569fcb.jpg,SUCCESS,dashboards/NISSAN/MICRA_2013
NISSAN,MICRA,2017,"FEA271 (11-429 9"")",2017 NISSAN MICRA dashboard interior OEM,5,dashboard_01_e29f9838.jpg; dashboard_02_f97e2bbb.jpg; dashboard_03_ef815319.jpg; dashboard_04_a91f7ec8.jpg; dashboard_05_a11f116c.jpg,SUCCESS,dashboards/NISSAN/MICRA_2017
NISSAN,NAVARA,2006-2012,FEA900,2006 NISSAN NAVARA dashboard interior OEM,5,dashboard_01_9eb2678b.jpg; dashboard_02_b4df475b.jpg; dashboard_03_60600dc9.jpg; dashboard_04_0d4153c4.jpg; dashboard_05_dac86c17.jpg,SUCCESS,dashboards/NISSAN/NAVARA_2006-2012
NISSAN,NAVARA,2015-2017,AJ-NS-039 (22-309),2015 NISSAN NAVARA dashboard interior OEM,5,dashboard_01_b4df475b.jpg; dashboard_02_82ea9ca7.jpg; dashboard_03_ff4d51b4.jpg; dashboard_04_020b55f0.jpg; dashboard_05_3b7ad422.jpg,SUCCESS,dashboards/NISSAN/NAVARA_2015-2017
NISSAN,NAVARA / NP300,2016,"FEA133 (11-740 9""); YE-NI028 (11-566)",2016 NISSAN NAVARA / NP300 dashboard interior OEM,5,dashboard_01_0815c0a5.jpg; dashboard_02_be09bfea.jpg; dashboard_03_d30bae85.jpg; dashboard_04_5dd7be37.jpg; dashboard_05_09ebb706.jpg,SUCCESS,dashboards/NISSAN/NAVARA_NP300_2016
NISSAN,NP200,,"YE-RE012 (11-329); FEA134 (11-329 9"")", NISSAN NP200 dashboard interior OEM,5,dashboard_01_6df1bf7f.jpg; dashboard_02_4131fcd9.jpg; dashboard_03_c1bf93e6.jpg; dashboard_04_ff1ab384.jpg; dashboard_05_8f25e32d.jpg,SUCCESS,dashboards/NISSAN/NP200_
NISSAN,NP200 /DACIA,2009+,"FA-RE047N (11-329 9"")",2009 NISSAN NP200 /DACIA dashboard interior OEM,5,dashboard_01_0a393fee.jpg; dashboard_02_e2527e11.jpg; dashboard_03_6b4294d7.jpg; dashboard_04_298be32e.jpg; dashboard_05_c865366a.jpg,SUCCESS,dashboards/NISSAN/NP200_DACIA_2009-present
NISSAN,NP200 SUNNY /DACIA,2014-2018,AJ-NS-006 (11-429),2014 NISSAN NP200 SUNNY /DACIA dashboard interior OEM,5,dashboard_01_2fee84d8.png; dashboard_02_5a474ad9.jpg; dashboard_03_a1fb623c.jpg; dashboard_04_438b633f.jpg; dashboard_05_07be4c2e.jpg,SUCCESS,dashboards/NISSAN/NP200_SUNNY_DACIA_2014-2018
NISSAN,QASHQAI,2014,FEA135 (22-241); FEA264A (22-241),2014 NISSAN QASHQAI dashboard interior OEM,5,dashboard_01_4fb57852.jpg; dashboard_02_77444ba3.jpg; dashboard_03_c954f931.jpg; dashboard_04_07141548.jpg; dashboard_05_01b57635.jpg,SUCCESS,dashboards/NISSAN/QASHQAI_2014
NISSAN,UNIVERSAL LIVINA SIDE,2013,YE-NI032; RU-NISSAN LIVINA SIDE,2013 NISSAN UNIVERSAL LIVINA SIDE dashboard interior OEM,5,dashboard_01_8c4c5b4d.jpg; dashboard_02_63aba660.jpg; dashboard_03_9871bf27.jpg; dashboard_04_48c4431d.jpg; dashboard_05_ed82d8e6.jpg,SUCCESS,dashboards/NISSAN/UNIVERSAL_LIVINA_SIDE_2013
NISSAN,X-TRAIL/QASHQAI,,YE-NI023 (11-478), NISSAN X-TRAIL/QASHQAI dashboard interior OEM,5,dashboard_01_c37e000e.jpg; dashboard_02_29c656be.jpg; dashboard_03_4e68be0a.jpg; dashboard_04_51708ca7.jpg; dashboard_05_39ecc612.jpg,SUCCESS,dashboards/NISSAN/X-TRAILQASHQAI_
NISSAN,X-TRAIL/QASHQAI,2014,AJ-NS-004 (22-478),2014 NISSAN X-TRAIL/QASHQAI dashboard interior OEM,5,dashboard_01_c37e000e.jpg; dashboard_02_51708ca7.jpg; dashboard_03_39ecc612.jpg; dashboard_04_668fa650.jpg; dashboard_05_871a6add.jpg,SUCCESS,dashboards/NISSAN/X-TRAILQASHQAI_2014
OPEL,ASTRA/GRAND LAND,2016,FEA737 (22-823),2016 OPEL ASTRA/GRAND LAND dashboard interior OEM,5,dashboard_01_20c12837.jpg; dashboard_02_6ede7a2f.jpg; dashboard_03_6d9bb8f2.jpg; dashboard_04_a9ac5250.jpg; dashboard_05_8913b2b1.jpg,SUCCESS,dashboards/OPEL/ASTRAGRAND_LAND_2016
OPEL,CORSA +,,FEA740, OPEL CORSA + dashboard interior OEM,5,dashboard_01_433a77ca.jpg; dashboard_02_05555e8e.jpg; dashboard_03_32583fcd.jpg; dashboard_04_6c7d895a.jpg; dashboard_05_cf68078a.jpg,SUCCESS,dashboards/OPEL/CORSA_
OPEL,CORSA /ADAM +,2014+,"FEA425 (11-552 9"")",2014 OPEL CORSA /ADAM + dashboard interior OEM,5,dashboard_01_e5544ee2.jpg; dashboard_02_62eabfda.jpg; dashboard_03_95d437b9.jpg; dashboard_04_8b53e07f.jpg; dashboard_05_06b7ab26.jpg,SUCCESS,dashboards/OPEL/CORSA_ADAM_2014-present
OPEL,CORSA/ASTRA,2001-2006,YE-OP001 (11-791) FLAT; FA-YE-OP001 (11-791) FLAT,2001 OPEL CORSA/ASTRA dashboard interior OEM,5,dashboard_01_58907206.jpg; dashboard_02_0549b1e7.jpg; dashboard_03_4c66d1e0.jpg; dashboard_04_fe79b73e.jpg; dashboard_05_b8f212fe.jpg,SUCCESS,dashboards/OPEL/CORSAASTRA_2001-2006
OPEL,CORSA/ASTRA,2015,"FEA697 (11-090 9""); FEA141 (11-090 9"")",2015 OPEL CORSA/ASTRA dashboard interior OEM,5,dashboard_01_c17121b8.jpg; dashboard_02_49bfa6f4.jpg; dashboard_03_8be2a177.jpg; dashboard_04_4ab57373.jpg; dashboard_05_3fb545f0.jpg,SUCCESS,dashboards/OPEL/CORSAASTRA_2015
OPEL,CORSA/ASTRA (),2006-2015,AS-OPEL VECTRA/ASTRA (11-028) CURVE (11-028) CURVE,2006 OPEL CORSA/ASTRA () dashboard interior OEM,5,dashboard_01_bd145eba.jpg; dashboard_02_6ede7a2f.jpg; dashboard_03_6d9bb8f2.jpg; dashboard_04_a9ac5250.jpg; dashboard_05_8913b2b1.jpg,SUCCESS,dashboards/OPEL/CORSAASTRA_2006-2015
OPEL,CORSA/ASTRA (YE-OP004),2001-2006,RU-OPEL TIGRA (11-027) FLAT,2001 OPEL CORSA/ASTRA (YE-OP004) dashboard interior OEM,5,dashboard_01_da0ddfaa.jpg; dashboard_02_58907206.jpg; dashboard_03_bd145eba.jpg; dashboard_04_f130d30b.jpg; dashboard_05_6d9bb8f2.jpg,SUCCESS,dashboards/OPEL/CORSAASTRA_YE-OP004_2001-2006
OPEL,CORSA/ASTRA GREY (),2006-2015,PZ-1621 (11-090) CURVE,2006 OPEL CORSA/ASTRA GREY () dashboard interior OEM,5,dashboard_01_a038f1ae.jpg; dashboard_02_bd145eba.jpg; dashboard_03_6ede7a2f.jpg; dashboard_04_6d9bb8f2.jpg; dashboard_05_a9ac5250.jpg,SUCCESS,dashboards/OPEL/CORSAASTRA_GREY_2006-2015
PORSCHE,CAYENNE,,"FEA956 (11-153 9"")", PORSCHE CAYENNE dashboard interior OEM,5,dashboard_01_27efd769.jpg; dashboard_02_a760ddf3.jpg; dashboard_03_fce4106b.jpg; dashboard_04_c93db400.jpg; dashboard_05_0ed30178.jpg,SUCCESS,dashboards/PORSCHE/CAYENNE_
RENAULT,CAPTUR MANUAL,,FEA982, RENAULT CAPTUR MANUAL dashboard interior OEM,5,dashboard_01_acaa9c1f.jpg; dashboard_02_a0339bc4.jpg; dashboard_03_a3776242.jpg; dashboard_04_82c25aef.jpg; dashboard_05_781ee466.jpg,SUCCESS,dashboards/RENAULT/CAPTUR_MANUAL_
RENAULT,CLIO,2016,AJ-RN-015,2016 RENAULT CLIO dashboard interior OEM,5,dashboard_01_96aec45b.jpg; dashboard_02_3edb7def.jpg; dashboard_03_49dd4506.jpg; dashboard_04_71d47f09.jpg; dashboard_05_3b851cab.jpg,SUCCESS,dashboards/RENAULT/CLIO_2016
RENAULT,CLIO,2018,FEA144,2018 RENAULT CLIO dashboard interior OEM,5,dashboard_01_3edb7def.jpg; dashboard_02_94f155f7.jpg; dashboard_03_49dd4506.jpg; dashboard_04_3eefacfb.jpg; dashboard_05_d05a4520.jpg,SUCCESS,dashboards/RENAULT/CLIO_2018
RENAULT,DUSTER KWID 2017+,2010+,YE-RE009 (11-297),2010 RENAULT DUSTER KWID 2017+ dashboard interior OEM,5,dashboard_01_1770fe2c.jpg; dashboard_02_f6ab7124.jpg; dashboard_03_3731c879.jpg; dashboard_04_9c83b884.jpg; dashboard_05_d98988f1.jpg,SUCCESS,dashboards/RENAULT/DUSTER_KWID_2017_2010-present
RENAULT,KADJAR,,FEA146 (22-809), RENAULT KADJAR dashboard interior OEM,5,dashboard_01_d1be083a.jpg; dashboard_02_c1878523.jpg; dashboard_03_f545a506.jpg; dashboard_04_1c52f217.jpg; dashboard_05_e6acecdb.jpg,SUCCESS,dashboards/RENAULT/KADJAR_
RENAULT,KIGAR,,FEA431, RENAULT KIGAR dashboard interior OEM,5,dashboard_01_5cd4b33b.jpg; dashboard_02_61eadb01.jpg; dashboard_03_5f70684e.jpg; dashboard_04_46c22cf2.jpg; dashboard_05_f6ab7124.jpg,SUCCESS,dashboards/RENAULT/KIGAR_
RENAULT,KWID,2017+,AJ-RN-011,2017 RENAULT KWID dashboard interior OEM,5,dashboard_01_f6ab7124.jpg; dashboard_02_59c39f63.jpg; dashboard_03_3a42f93a.jpg; dashboard_04_4cd9b55a.jpg; dashboard_05_80752a77.jpg,SUCCESS,dashboards/RENAULT/KWID_2017-present
RENAULT,SANDERO,,FEA148, RENAULT SANDERO dashboard interior OEM,5,dashboard_01_df344963.jpg; dashboard_02_3658eee5.jpg; dashboard_03_48697aeb.jpg; dashboard_04_3f40eda2.jpg; dashboard_05_38f853ad.jpg,SUCCESS,dashboards/RENAULT/SANDERO_
RENAULT,TRAFFIC,2014,YE-N1012 (11-463),2014 RENAULT TRAFFIC dashboard interior OEM,5,dashboard_01_7bd558b5.jpg; dashboard_02_89e2927e.jpg; dashboard_03_f2f1a2ff.jpg; dashboard_04_7c4930e5.jpg; dashboard_05_c5085b6e.jpg,SUCCESS,dashboards/RENAULT/TRAFFIC_2014
RENAULT,TRIBER,,YE-RE-039N; FEA647, RENAULT TRIBER dashboard interior OEM,5,dashboard_01_028b070c.jpg; dashboard_02_a4760f19.jpg; dashboard_03_f0c918c2.jpg; dashboard_04_5bc83619.jpg; dashboard_05_abad7432.jpg,SUCCESS,dashboards/RENAULT/TRIBER_
RENAULT,TRIBER (RN-021),,AJ-RN-TK0647, RENAULT TRIBER (RN-021) dashboard interior OEM,5,dashboard_01_9c0b137b.jpg; dashboard_02_028b070c.jpg; dashboard_03_f0c918c2.jpg; dashboard_04_a4760f19.jpg; dashboard_05_abad7432.jpg,SUCCESS,dashboards/RENAULT/TRIBER_RN-021_
SUBARU,FORESTER,2008-2012,FEA214 (22-295),2008 SUBARU FORESTER dashboard interior OEM,5,dashboard_01_1e929e5e.jpg; dashboard_02_847925f9.png; dashboard_03_430a06ac.jpg; dashboard_04_f9f71be2.jpg; dashboard_05_80243141.jpg,SUCCESS,dashboards/SUBARU/FORESTER_2008-2012
SUZUKI,ALTO,2009-2014,BN-25K9007 (11-256),2009 SUZUKI ALTO dashboard interior OEM,5,dashboard_01_a9911500.jpg; dashboard_02_221ef494.jpg; dashboard_03_dc812351.jpg; dashboard_04_4378ccc5.jpg; dashboard_05_a3ac6677.jpg,SUCCESS,dashboards/SUZUKI/ALTO_2009-2014
SUZUKI,BALENO,2024,AJ-SK-TK1159,2024 SUZUKI BALENO dashboard interior OEM,5,dashboard_01_b4f489c9.jpg; dashboard_02_2de05589.jpg; dashboard_03_8460fc79.jpg; dashboard_04_42d0a128.jpg; dashboard_05_ab1ef1d2.jpg,SUCCESS,dashboards/SUZUKI/BALENO_2024
SUZUKI,BALENO (TOYOTA STARLET),2016-2022,AJ-SK-024 (22-654); AJ-SK-034 (22-654); FEA150 (22-654); FEA513 (22-654),2016 SUZUKI BALENO (TOYOTA STARLET) dashboard interior OEM,5,dashboard_01_d52ab776.jpg; dashboard_02_43515a3d.jpg; dashboard_03_361917ce.jpg; dashboard_04_3b78d617.jpg; dashboard_05_ac83cbf6.jpg,SUCCESS,dashboards/SUZUKI/BALENO_TOYOTA_STARLET_2016-2022
SUZUKI,BREEZA/VITARA + (TOYOTA URBAN CRUISER),,AJ-SK-019 (22-655); FEA554 (22-655), SUZUKI BREEZA/VITARA + (TOYOTA URBAN CRUISER) dashboard interior OEM,5,dashboard_01_bb55ae4f.jpg; dashboard_02_e71c6814.jpg; dashboard_03_b647b853.jpg; dashboard_04_d022c0cb.jpg; dashboard_05_95d637d8.jpg,SUCCESS,dashboards/SUZUKI/BREEZAVITARA_TOYOTA_URBAN_CRUISER_
SUZUKI,CELERIO,2014+,RU-SUZUKI CELERIO (22-596),2014 SUZUKI CELERIO dashboard interior OEM,5,dashboard_01_dff592ec.jpg; dashboard_02_8dda9226.jpg; dashboard_03_82672e2f.jpg; dashboard_04_461dcf33.png; dashboard_05_b73b65de.png,SUCCESS,dashboards/SUZUKI/CELERIO_2014-present
SUZUKI,CELERIO,2021,AJ-SK-050; RU-SUZUKI CELERIO (22-596),2021 SUZUKI CELERIO dashboard interior OEM,5,dashboard_01_93fe9bd2.jpg; dashboard_02_9f596ac3.jpg; dashboard_03_6cd71883.jpg; dashboard_04_1e99877a.jpg; dashboard_05_e131345f.jpg,SUCCESS,dashboards/SUZUKI/CELERIO_2021
SUZUKI,CIAS,2022,FEA223 (22-567); AJ-SK-003 (22-567),2022 SUZUKI CIAS dashboard interior OEM,5,dashboard_01_7170d38e.jpg; dashboard_02_ad761254.jpg; dashboard_03_2528e48f.jpg; dashboard_04_0f53a4e7.jpg; dashboard_05_6302abad.jpg,SUCCESS,dashboards/SUZUKI/CIAS_2022
SUZUKI,ERTIGA (TOYOTA RUMION),,"AS-SUZUKI ERTIGA 2018 (22-015 7""); FEA152", SUZUKI ERTIGA (TOYOTA RUMION) dashboard interior OEM,5,dashboard_01_1de6e779.jpg; dashboard_02_bd164e93.jpg; dashboard_03_64d06cc9.jpg; dashboard_04_4a40097b.jpg; dashboard_05_0bf37e47.jpg,SUCCESS,dashboards/SUZUKI/ERTIGA_TOYOTA_RUMION_
SUZUKI,ERTIGA ONENAV (TOYOTA RUMION),2018+,ON711-F1 (22-015),2018 SUZUKI ERTIGA ONENAV (TOYOTA RUMION) dashboard interior OEM,5,dashboard_01_027ebd21.jpg; dashboard_02_57db72d1.jpg; dashboard_03_e8f562f8.jpg; dashboard_04_c302bf57.jpg; dashboard_05_3e7261f5.jpg,SUCCESS,dashboards/SUZUKI/ERTIGA_ONENAV_TOYOTA_RUMION_2018-present
SUZUKI,GRAND VITARA,2005-2010,"FEA630 (09-001 9""); SU-075N (09-001 9"")",2005 SUZUKI GRAND VITARA dashboard interior OEM,5,dashboard_01_65dbb422.jpg; dashboard_02_b7ea81cd.jpg; dashboard_03_94da5750.jpg; dashboard_04_2d84e9d7.jpg; dashboard_05_0637cf10.jpg,SUCCESS,dashboards/SUZUKI/GRAND_VITARA_2005-2010
SUZUKI,IGNIS +,,RU-SUZUKI IGNIS (22-743); AJ-SK-016 (22-743), SUZUKI IGNIS + dashboard interior OEM,5,dashboard_01_2593fbf0.jpg; dashboard_02_d465da6f.jpg; dashboard_03_8e23271b.jpg; dashboard_04_c7f4576a.jpg; dashboard_05_39ac6f3c.jpg,SUCCESS,dashboards/SUZUKI/IGNIS_
SUZUKI,JIMNY,2022,AJ-SK-022 (22-981),2022 SUZUKI JIMNY dashboard interior OEM,5,dashboard_01_f907aaa2.jpg; dashboard_02_ba821efe.jpg; dashboard_03_ebf9fabc.jpg; dashboard_04_86ceb2d9.jpg; dashboard_05_384ad8a7.jpg,SUCCESS,dashboards/SUZUKI/JIMNY_2022
SUZUKI,SUSUKI JIMNY,2006-2012,SJ (11-357),2006 SUZUKI SUSUKI JIMNY dashboard interior OEM,5,dashboard_01_7cd7fb91.jpg; dashboard_02_ad77651f.jpg; dashboard_03_e7312ed4.jpg; dashboard_04_384ad8a7.jpg; dashboard_05_9027bbf7.jpg,SUCCESS,dashboards/SUZUKI/SUSUKI_JIMNY_2006-2012
SUZUKI,SUSUKI JIMNY,2012,"FEA154 (11-357 9""); FEA874 (11-357 9"")",2012 SUZUKI SUSUKI JIMNY dashboard interior OEM,5,dashboard_01_86ceb2d9.jpg; dashboard_02_c1145367.jpg; dashboard_03_4402c7bf.jpg; dashboard_04_e23132ea.jpg; dashboard_05_9027bbf7.jpg,SUCCESS,dashboards/SUZUKI/SUSUKI_JIMNY_2012
SUZUKI,SUSUKI S-PRESSO,2022,SU-074N,2022 SUZUKI SUSUKI S-PRESSO dashboard interior OEM,5,dashboard_01_ccad4d97.jpg; dashboard_02_cddc963c.jpg; dashboard_03_cf61155c.jpg; dashboard_04_45e8eb7b.jpg; dashboard_05_bbde6a1b.jpg,SUCCESS,dashboards/SUZUKI/SUSUKI_S-PRESSO_2022
SUZUKI,SWIFT,,AJ-SK-TK2514S; FEA200, SUZUKI SWIFT dashboard interior OEM,5,dashboard_01_23330313.jpg; dashboard_02_a44b3ca8.jpg; dashboard_03_e9f6ca15.jpg; dashboard_04_e7d3ef98.jpg; dashboard_05_0bf62cb2.jpg,SUCCESS,dashboards/SUZUKI/SWIFT_
SUZUKI,SWIFT +,,FA-SUZUKI SWIFT 2018 (11-795); FEA159 (22-795); FEA200 (22-795); AJ-SK-013 (22-795); AJ-SK-048 (22-795), SUZUKI SWIFT + dashboard interior OEM,5,dashboard_01_23330313.jpg; dashboard_02_e7d3ef98.jpg; dashboard_03_a44b3ca8.jpg; dashboard_04_e9f6ca15.jpg; dashboard_05_0bf62cb2.jpg,SUCCESS,dashboards/SUZUKI/SWIFT_
SUZUKI,SWIFT -2010/ DZIRE,2008-2010,FEA157 (22-259); AJ-SK-002 (22-259),2008 SUZUKI SWIFT -2010/ DZIRE dashboard interior OEM,5,dashboard_01_a16f1d09.jpg; dashboard_02_f157c935.jpg; dashboard_03_f291299d.jpg; dashboard_04_0d349bfd.jpg; dashboard_05_9597899a.jpg,SUCCESS,dashboards/SUZUKI/SWIFT_-2010_DZIRE_2008-2010
SUZUKI,SWIFT -2017/ ERTIGA,2012-2017,AJ-SK-014 (22-157),2012 SUZUKI SWIFT -2017/ ERTIGA dashboard interior OEM,5,dashboard_01_a3709dbb.jpg; dashboard_02_b537238d.jpg; dashboard_03_454f2ae1.jpg; dashboard_04_c2a3fee5.jpg; dashboard_05_56d4c083.jpg,SUCCESS,dashboards/SUZUKI/SWIFT_-2017_ERTIGA_2012-2017
SUZUKI,SX4,2013,95-8902A (09-002); 95-8902A (09-002); AJ-SK-007 (22-958),2013 SUZUKI SX4 dashboard interior OEM,5,dashboard_01_143322c1.jpg; dashboard_02_e1fb0c39.jpg; dashboard_03_a6ad4eae.jpg; dashboard_04_49c66e6a.png; dashboard_05_49f648f7.jpg,SUCCESS,dashboards/SUZUKI/SX4_2013
SUZUKI,VITARA,2015+,AJ-SK-001 (22-588),2015 SUZUKI VITARA dashboard interior OEM,5,dashboard_01_b24a4775.jpg; dashboard_02_59f7e6c3.jpg; dashboard_03_3849d08d.jpg; dashboard_04_b70c484e.jpg; dashboard_05_b77b3b6c.jpg,SUCCESS,dashboards/SUZUKI/VITARA_2015-present
TOYOTA,AURIS,2006-2012,FA-YE-TO022 (11-110),2006 TOYOTA AURIS dashboard interior OEM,5,dashboard_01_518c3a6b.jpg; dashboard_02_92a8f38f.jpg; dashboard_03_5cdd5625.jpg; dashboard_04_782d2cde.jpg; dashboard_05_7f3994cf.jpg,SUCCESS,dashboards/TOYOTA/AURIS_2006-2012
TOYOTA,AURIS,2014+,YE-TO099 (11-512),2014 TOYOTA AURIS dashboard interior OEM,5,dashboard_01_1abc916a.jpg; dashboard_02_6534428d.jpg; dashboard_03_ecb54952.jpg; dashboard_04_b40a0f53.jpg; dashboard_05_aad5237f.jpg,SUCCESS,dashboards/TOYOTA/AURIS_2014-present
TOYOTA,AVANZA,2016,FEA615 (11-253),2016 TOYOTA AVANZA dashboard interior OEM,5,dashboard_01_60c7055c.jpg; dashboard_02_55a22d3e.jpg; dashboard_03_9dbf25be.jpg; dashboard_04_446ebb20.jpg; dashboard_05_d3c91cde.jpg,SUCCESS,dashboards/TOYOTA/AVANZA_2016
TOYOTA,AVENSIS,2008,PZ-3430 (11-108 WITH POCKET),2008 TOYOTA AVENSIS dashboard interior OEM,5,dashboard_01_68fa0cfa.jpg; dashboard_02_666adb36.jpg; dashboard_03_7a8f759c.jpg; dashboard_04_dac16b17.jpg; dashboard_05_e4c061e1.jpg,SUCCESS,dashboards/TOYOTA/AVENSIS_2008
TOYOTA,AYGO +,,"FEA929 (11-591 9""); AJ-TY-TK1929 (11-591 9"")", TOYOTA AYGO + dashboard interior OEM,5,dashboard_01_4f1810ab.jpg; dashboard_02_416e00ad.jpg; dashboard_03_cac8013e.jpg; dashboard_04_a113d57c.jpg; dashboard_05_9ef78f23.jpg,SUCCESS,dashboards/TOYOTA/AYGO_
TOYOTA,COROLLA,2007-2013,LU502 (22-003),2007 TOYOTA COROLLA dashboard interior OEM,5,dashboard_01_3ced1500.jpg; dashboard_02_0f1ab054.jpg; dashboard_03_e2a85908.jpg; dashboard_04_87e83473.jpg; dashboard_05_122a816d.png,SUCCESS,dashboards/TOYOTA/COROLLA_2007-2013
TOYOTA,COROLLA,2013-2016,AJ-TY-096 (22-013),2013 TOYOTA COROLLA dashboard interior OEM,5,dashboard_01_c9ffed6d.jpg; dashboard_02_56e390e0.jpg; dashboard_03_c183f287.jpg; dashboard_04_9b57681f.jpg; dashboard_05_bd220b8f.jpg,SUCCESS,dashboards/TOYOTA/COROLLA_2013-2016
TOYOTA,COROLLA,2017,YE-TO152 (11-696),2017 TOYOTA COROLLA dashboard interior OEM,5,dashboard_01_56e390e0.jpg; dashboard_02_16fad653.jpg; dashboard_03_9e05a79e.jpg; dashboard_04_d9ef10c3.jpg; dashboard_05_5a59b344.jpg,SUCCESS,dashboards/TOYOTA/COROLLA_2017
TOYOTA,COROLLA,2017+,AJ-TY-TK0500 (22-031),2017 TOYOTA COROLLA dashboard interior OEM,5,dashboard_01_dad88bda.jpg; dashboard_02_b67fd091.jpg; dashboard_03_4e7ee582.jpg; dashboard_04_79414782.jpg; dashboard_05_42a6be86.jpg,SUCCESS,dashboards/TOYOTA/COROLLA_2017-present
TOYOTA,COROLLA,2019+,AJ-TY-080 (22-032),2019 TOYOTA COROLLA dashboard interior OEM,5,dashboard_01_18d409e7.jpg; dashboard_02_8c38c107.jpg; dashboard_03_4d2d6c7d.jpg; dashboard_04_7561f887.jpg; dashboard_05_108eefbd.jpg,SUCCESS,dashboards/TOYOTA/COROLLA_2019-present
TOYOTA,COROLLA CROSS,,AJ-TY-097 (22-031), TOYOTA COROLLA CROSS dashboard interior OEM,5,dashboard_01_90c58914.jpg; dashboard_02_d25bc06a.jpg; dashboard_03_6cb29ad7.jpg; dashboard_04_539d2f89.jpg; dashboard_05_1280bfd0.jpg,SUCCESS,dashboards/TOYOTA/COROLLA_CROSS_
TOYOTA,COROLLA RUNX,2001-2006,PZ-27515 (11-038),2001 TOYOTA COROLLA RUNX dashboard interior OEM,5,dashboard_01_d5c1e15e.jpg; dashboard_02_abee1c40.jpg; dashboard_03_2188f808.jpg; dashboard_04_1932ce92.jpg; dashboard_05_b5801e7a.jpg,SUCCESS,dashboards/TOYOTA/COROLLA_RUNX_2001-2006
TOYOTA,COROLLA RUNX,2006,FEA166 (22-038),2006 TOYOTA COROLLA RUNX dashboard interior OEM,5,dashboard_01_d34d249f.jpg; dashboard_02_a1e1b84e.jpg; dashboard_03_91ce22e5.jpg; dashboard_04_87c9f9db.jpg; dashboard_05_058d1fd1.jpg,SUCCESS,dashboards/TOYOTA/COROLLA_RUNX_2006
TOYOTA,COROLLA VERSO,2009,"FEA029 (11-560 9"")",2009 TOYOTA COROLLA VERSO dashboard interior OEM,5,dashboard_01_ac35a656.jpg; dashboard_02_5eebca33.jpg; dashboard_03_333619a2.jpg; dashboard_04_f0b3d438.jpg; dashboard_05_3828ad01.jpg,SUCCESS,dashboards/TOYOTA/COROLLA_VERSO_2009
TOYOTA,COROLLA/RUNX,2001-2006,AS-RUNX WITH POCKET (11-037),2001 TOYOTA COROLLA/RUNX dashboard interior OEM,5,dashboard_01_a3fdcd8d.jpg; dashboard_02_294254f4.jpg; dashboard_03_a41f9bfb.jpg; dashboard_04_c863dbed.jpg; dashboard_05_0225d06c.jpg,SUCCESS,dashboards/TOYOTA/COROLLARUNX_2001-2006
TOYOTA,ETIOS +,,"FEA678 (11-231 9""); AJ-TY-TK0678 (11-231 9""); YE-TO118 (11-231)", TOYOTA ETIOS + dashboard interior OEM,5,dashboard_01_7650c451.jpg; dashboard_02_12c72e88.jpg; dashboard_03_171df932.jpg; dashboard_04_de272de6.jpg; dashboard_05_acaf0338.jpg,SUCCESS,dashboards/TOYOTA/ETIOS_
TOYOTA,FJ CRUIZER (),,FEA171, TOYOTA FJ CRUIZER () dashboard interior OEM,5,dashboard_01_e5e77b4b.jpg; dashboard_02_f4dc1d08.jpg; dashboard_03_afb810b6.jpg; dashboard_04_575180ed.jpg; dashboard_05_5bc7d95a.jpg,SUCCESS,dashboards/TOYOTA/FJ_CRUIZER_
TOYOTA,FJ CRUIZER () & HARNESS,,AJ-TY-TK0659; FEA659, TOYOTA FJ CRUIZER () & HARNESS dashboard interior OEM,5,dashboard_01_e5e77b4b.jpg; dashboard_02_8b4ad22b.jpg; dashboard_03_48225dcf.jpg; dashboard_04_601e2747.jpg; dashboard_05_83bc5f50.jpg,SUCCESS,dashboards/TOYOTA/FJ_CRUIZER_HARNESS_
TOYOTA,FORTUNER +,,BN-25K9730PB (11-600); AJ-TY-034 (22-600); FEA172 (22-600), TOYOTA FORTUNER + dashboard interior OEM,5,dashboard_01_3d1c52ff.jpg; dashboard_02_171846aa.jpg; dashboard_03_0e8a3c9a.jpg; dashboard_04_69d5da30.jpg; dashboard_05_2aa15d0d.jpg,SUCCESS,dashboards/TOYOTA/FORTUNER_
TOYOTA,HILUX,1998-2010,FA-HILUX 2005 (OLD),1998 TOYOTA HILUX dashboard interior OEM,5,dashboard_01_e0784d93.jpg; dashboard_02_b979b37f.jpg; dashboard_03_7e022ed3.jpg; dashboard_04_26f08d04.jpg; dashboard_05_debf007b.jpg,SUCCESS,dashboards/TOYOTA/HILUX_1998-2010
TOYOTA,HILUX,2011,AS-TOYOTA HILUX 2011,2011 TOYOTA HILUX dashboard interior OEM,5,dashboard_01_d373cfe2.jpg; dashboard_02_45529d38.jpg; dashboard_03_b979b37f.jpg; dashboard_04_26f08d04.jpg; dashboard_05_debf007b.jpg,SUCCESS,dashboards/TOYOTA/HILUX_2011
TOYOTA,HILUX GD6,2015+,YE-TO111 (11-573) GD6,2015 TOYOTA HILUX GD6 dashboard interior OEM,5,dashboard_01_d373cfe2.jpg; dashboard_02_b979b37f.jpg; dashboard_03_7e022ed3.jpg; dashboard_04_e47f52f2.jpg; dashboard_05_9886ea5e.jpg,SUCCESS,dashboards/TOYOTA/HILUX_GD6_2015-present
TOYOTA,HILUX GD6,2016+,FEA161 (22-573),2016 TOYOTA HILUX GD6 dashboard interior OEM,5,dashboard_01_3c728ee7.jpg; dashboard_02_dbeb0238.jpg; dashboard_03_9886ea5e.jpg; dashboard_04_b979b37f.jpg; dashboard_05_22aa771b.jpg,SUCCESS,dashboards/TOYOTA/HILUX_GD6_2016-present
TOYOTA,HILUX NEW,2016,PZ-6215 (2016),2016 TOYOTA HILUX NEW dashboard interior OEM,5,dashboard_01_41e0747b.jpg; dashboard_02_b979b37f.jpg; dashboard_03_2719455c.jpg; dashboard_04_9886ea5e.jpg; dashboard_05_42fe799c.jpg,SUCCESS,dashboards/TOYOTA/HILUX_NEW_2016
TOYOTA,HILUX/FORTUNER,2008,LU666 (22-987),2008 TOYOTA HILUX/FORTUNER dashboard interior OEM,5,dashboard_01_b979b37f.jpg; dashboard_02_7e022ed3.jpg; dashboard_03_e47f52f2.jpg; dashboard_04_9aab3b2c.jpg; dashboard_05_0e8a3c9a.jpg,SUCCESS,dashboards/TOYOTA/HILUXFORTUNER_2008
TOYOTA,HILUX/FORTUNER,2015,FA-BN25K9717(11-299); BN25K9717(11-299),2015 TOYOTA HILUX/FORTUNER dashboard interior OEM,5,dashboard_01_b427d25b.jpg; dashboard_02_fa493a31.png; dashboard_03_b979b37f.jpg; dashboard_04_7e022ed3.jpg; dashboard_05_e47f52f2.jpg,SUCCESS,dashboards/TOYOTA/HILUXFORTUNER_2015
TOYOTA,HILUX/FORTUNER - AUTO,2015,FEA173 (22-987); AJ-TY-078 (22-987),2015 TOYOTA HILUX/FORTUNER - AUTO dashboard interior OEM,5,dashboard_01_b427d25b.jpg; dashboard_02_fa493a31.png; dashboard_03_b979b37f.jpg; dashboard_04_7e022ed3.jpg; dashboard_05_e47f52f2.jpg,SUCCESS,dashboards/TOYOTA/HILUXFORTUNER_-_AUTO_2015
TOYOTA,LANDCRUISER 79,2015,AJ-TY-122; FEA175,2015 TOYOTA LANDCRUISER 79 dashboard interior OEM,5,dashboard_01_574b0ab5.jpg; dashboard_02_8386140a.jpg; dashboard_03_9108a3fa.jpg; dashboard_04_3f408305.jpg; dashboard_05_1dee315f.jpg,SUCCESS,dashboards/TOYOTA/LANDCRUISER_79_2015
TOYOTA,LANDCRUISER 79,2024,FEA176; FEA176,2024 TOYOTA LANDCRUISER 79 dashboard interior OEM,5,dashboard_01_facd4a06.jpg; dashboard_02_8386140a.jpg; dashboard_03_ba672058.jpg; dashboard_04_479aabc8.jpg; dashboard_05_9108a3fa.jpg,SUCCESS,dashboards/TOYOTA/LANDCRUISER_79_2024
TOYOTA,LANDCRUISER PRADO,,YE-TO057 (11-339); FEA307 (22-025); AJ-TY-TK0307 (22-025), TOYOTA LANDCRUISER PRADO dashboard interior OEM,5,dashboard_01_93716962.jpg; dashboard_02_0bd947cc.jpg; dashboard_03_b0335739.jpg; dashboard_04_77cdca81.jpg; dashboard_05_3cb48658.jpg,SUCCESS,dashboards/TOYOTA/LANDCRUISER_PRADO_
TOYOTA,LANDCRUISER PRADO,2009,FEA292 (22-002); FEA179 (22-002),2009 TOYOTA LANDCRUISER PRADO dashboard interior OEM,5,dashboard_01_f6a05c10.jpg; dashboard_02_da230874.jpg; dashboard_03_74eb18a8.jpg; dashboard_04_8b01cf4c.jpg; dashboard_05_e047ef01.jpg,SUCCESS,dashboards/TOYOTA/LANDCRUISER_PRADO_2009
TOYOTA,LANDCRUISER VXR,2003,FEA657; AJ-TY-TK0657,2003 TOYOTA LANDCRUISER VXR dashboard interior OEM,5,dashboard_01_a1b91406.jpg; dashboard_02_1891e3ba.jpg; dashboard_03_1e185f3b.jpg; dashboard_04_48225dcf.jpg; dashboard_05_ed92d48b.jpg,SUCCESS,dashboards/TOYOTA/LANDCRUISER_VXR_2003
TOYOTA,QUANTUM,,FA-QUANTUM, TOYOTA QUANTUM dashboard interior OEM,5,dashboard_01_42c7c484.jpg; dashboard_02_227c41fa.jpg; dashboard_03_94ee86f0.png; dashboard_04_3f579014.jpg; dashboard_05_1828e932.jpg,SUCCESS,dashboards/TOYOTA/QUANTUM_
TOYOTA,QUANTUM +,,FEA182, TOYOTA QUANTUM + dashboard interior OEM,5,dashboard_01_5fa1c4d1.jpg; dashboard_02_c23954fe.jpg; dashboard_03_48ab12c2.jpg; dashboard_04_b5451334.jpg; dashboard_05_18a9569f.jpg,SUCCESS,dashboards/TOYOTA/QUANTUM_
TOYOTA,RAV4,2012,FEA183 (22-978); FEA530 (22-978),2012 TOYOTA RAV4 dashboard interior OEM,5,dashboard_01_5c5f0001.jpg; dashboard_02_e66c3812.jpg; dashboard_03_927966e1.jpg; dashboard_04_26ab85bc.jpg; dashboard_05_f9ca1fa0.jpg,SUCCESS,dashboards/TOYOTA/RAV4_2012
TOYOTA,RAV4,2013-2017,"AJ-TY-TK0435 (11-343 9"")",2013 TOYOTA RAV4 dashboard interior OEM,5,dashboard_01_fd62bec3.jpg; dashboard_02_251bff25.jpg; dashboard_03_f969374c.jpg; dashboard_04_0d396dbb.png; dashboard_05_3ca991ec.jpg,SUCCESS,dashboards/TOYOTA/RAV4_2013-2017
TOYOTA,RAV4,2016,"FEA435 (11-343 9"")",2016 TOYOTA RAV4 dashboard interior OEM,5,dashboard_01_55414434.jpg; dashboard_02_85228255.jpg; dashboard_03_b00aea5c.jpg; dashboard_04_0d396dbb.png; dashboard_05_c67968a8.png,SUCCESS,dashboards/TOYOTA/RAV4_2016
TOYOTA,RAV4,2019,BN-25K9722 (11-343),2019 TOYOTA RAV4 dashboard interior OEM,5,dashboard_01_84e6913b.jpg; dashboard_02_77d6e41f.jpg; dashboard_03_1ecc213a.jpg; dashboard_04_e7ed9ab4.jpg; dashboard_05_aec85218.jpg,SUCCESS,dashboards/TOYOTA/RAV4_2019
TOYOTA,VERSO,2009-2018,"FA-YE-TO054 (11-171); FEA975 (11-171 9"")",2009 TOYOTA VERSO dashboard interior OEM,5,dashboard_01_895eca8b.jpg; dashboard_02_c132dd44.jpg; dashboard_03_d276309d.jpg; dashboard_04_1de5dc49.jpg; dashboard_05_fef4bf3d.jpg,SUCCESS,dashboards/TOYOTA/VERSO_2009-2018
TOYOTA,YARIS,,"FEA188 (11-793 9""); FEA784 (11-793 9""); AJ-TY-TK0784 (11-793 9"")", TOYOTA YARIS dashboard interior OEM,5,dashboard_01_0c616777.jpg; dashboard_02_a5b79c87.jpg; dashboard_03_160b2019.jpg; dashboard_04_ecb8cc74.jpg; dashboard_05_3e9bcb24.jpg,SUCCESS,dashboards/TOYOTA/YARIS_
TOYOTA,YARIS,2014,"AJ-TY-TK0635A (11-342 9"")",2014 TOYOTA YARIS dashboard interior OEM,5,dashboard_01_23c7b5d0.jpg; dashboard_02_0c616777.jpg; dashboard_03_a5b79c87.jpg; dashboard_04_57ad71d6.jpg; dashboard_05_19971bed.jpg,SUCCESS,dashboards/TOYOTA/YARIS_2014
TOYOTA,YARIS 7,2014,"FEA635 (11-342 9""); FA-FEA635 (11-342 9"")",2014 TOYOTA YARIS 7 dashboard interior OEM,5,dashboard_01_0c616777.jpg; dashboard_02_57ad71d6.jpg; dashboard_03_a5b79c87.jpg; dashboard_04_ecb8cc74.jpg; dashboard_05_96d232b9.jpg,SUCCESS,dashboards/TOYOTA/YARIS_7_2014
TOYOTA,YARIS HATCH,,M1-TPTYH, TOYOTA YARIS HATCH dashboard interior OEM,5,dashboard_01_0c616777.jpg; dashboard_02_d26f68b4.jpg; dashboard_03_a0b1dd5a.jpg; dashboard_04_8eb079bf.jpg; dashboard_05_70d84f3a.jpg,SUCCESS,dashboards/TOYOTA/YARIS_HATCH_
TOYOTA,YARIS SEDAN,,M1-TPTYS, TOYOTA YARIS SEDAN dashboard interior OEM,5,dashboard_01_0c616777.jpg; dashboard_02_d26f68b4.jpg; dashboard_03_e22d48ea.jpg; dashboard_04_160b2019.jpg; dashboard_05_3e9bcb24.jpg,SUCCESS,dashboards/TOYOTA/YARIS_SEDAN_
TOYOTA,YARIS T3 - (),2010,"FA-YARIS T3 (11-401); AS-YARIS/VITS T3 (11-401); YE-TO024 (11-401); FEA817 (11-401 9"")",2010 TOYOTA YARIS T3 - () dashboard interior OEM,5,dashboard_01_0c616777.jpg; dashboard_02_a5b79c87.jpg; dashboard_03_8a0bd63d.jpg; dashboard_04_18f97f17.jpg; dashboard_05_09c24ebd.jpg,SUCCESS,dashboards/TOYOTA/YARIS_T3_-_2010
TOYOTA,YARIS/VIOS,,AJ-TY-TK0626, TOYOTA YARIS/VIOS dashboard interior OEM,5,dashboard_01_57ad71d6.jpg; dashboard_02_a0b1dd5a.jpg; dashboard_03_70d84f3a.jpg; dashboard_04_66a5e3e7.jpg; dashboard_05_69893016.jpg,SUCCESS,dashboards/TOYOTA/YARISVIOS_
VW,CRAFTER +,,"FEA190 (11-795 9""); AJ-VW-TK1136 (11-795 9""); FEA954 (11-795 9"")", VW CRAFTER + dashboard interior OEM,5,dashboard_01_4ca82e6c.jpg; dashboard_02_d7a1a6e1.jpg; dashboard_03_0b21dace.jpg; dashboard_04_a84bb227.jpg; dashboard_05_f14df476.png,SUCCESS,dashboards/VW/CRAFTER_
VW,FITMENT KIT,2018,"ON668-FK1 (08-009 9"")",2018 VW FITMENT KIT dashboard interior OEM,5,dashboard_01_ffbef422.jpg; dashboard_02_4034b8e9.png; dashboard_03_f14df476.png; dashboard_04_b6954c18.jpg; dashboard_05_7bc7314d.jpg,SUCCESS,dashboards/VW/FITMENT_KIT_2018
VW,GOLF 4 POLO -2003,1999-2009,FA-VW POLO (PZ-28623) (11-101); PZ-28623 (11-101),1999 VW GOLF 4 POLO -2003 dashboard interior OEM,5,dashboard_01_a80c730d.jpg; dashboard_02_c0cade84.jpg; dashboard_03_df67d187.jpg; dashboard_04_c6cd2169.jpg; dashboard_05_afe65fad.jpg,SUCCESS,dashboards/VW/GOLF_4_POLO_-2003_1999-2009
VW,GOLF 5/6,,"AJ-VW-097 (08-009 9"")", VW GOLF 5/6 dashboard interior OEM,5,dashboard_01_3d428c74.jpg; dashboard_02_e6ad318f.jpg; dashboard_03_aab40670.jpg; dashboard_04_9c5c71e2.jpg; dashboard_05_268d43f8.jpg,SUCCESS,dashboards/VW/GOLF_56_
VW,GOLF 5/6,2014,"AS-GOLF5 D/D (08-008); FEA191 (08-009 9""); AJ-VW-057 (08-009 9"")",2014 VW GOLF 5/6 dashboard interior OEM,5,dashboard_01_fcdb9129.jpg; dashboard_02_6cb24ffe.jpg; dashboard_03_79cdadf2.png; dashboard_04_fdd560b2.jpg; dashboard_05_dbd8d3a3.jpg,SUCCESS,dashboards/VW/GOLF_56_2014
VW,GOLF 7,2017+,AJ-VW-TK2029; FEA2029,2017 VW GOLF 7 dashboard interior OEM,5,dashboard_01_1a137dd9.jpg; dashboard_02_9a678f07.jpg; dashboard_03_3adb8bb8.jpg; dashboard_04_eeb2d7f1.jpg; dashboard_05_807cc802.jpg,SUCCESS,dashboards/VW/GOLF_7_2017-present
VW,GOLF 9 FIT,,AJ-VW-TK0069A (22-540), VW GOLF 9 FIT dashboard interior OEM,5,dashboard_01_9dfacbdd.jpg; dashboard_02_fdf8f938.jpg; dashboard_03_8d462076.jpg; dashboard_04_72f8681e.jpg; dashboard_05_3d428c74.jpg,SUCCESS,dashboards/VW/GOLF_9_FIT_
VW,GOLF 9 FIT SS-AN-9200V,,FA-YE-VW025 (22-540 BLACK VW OEM); YE-VW025 (22-540 BLACK VW OEM), VW GOLF 9 FIT SS-AN-9200V dashboard interior OEM,5,dashboard_01_9dfacbdd.jpg; dashboard_02_c9bd7252.jpg; dashboard_03_3d428c74.jpg; dashboard_04_67b6c6c3.jpg; dashboard_05_c348d7e8.jpg,SUCCESS,dashboards/VW/GOLF_9_FIT_SS-AN-9200V_
VW,POLO,2011,FEA194; AJ-VW-TK1229; FEA229,2011 VW POLO dashboard interior OEM,5,dashboard_01_cda4fb58.jpg; dashboard_02_24f668e2.jpg; dashboard_03_6675f500.jpg; dashboard_04_026c551d.jpg; dashboard_05_bdca1ab3.jpg,SUCCESS,dashboards/VW/POLO_2011
VW,POLO 9,2010,FEA189; AJ-VW-TK2233,2010 VW POLO 9 dashboard interior OEM,5,dashboard_01_6675f500.jpg; dashboard_02_7bdc1452.jpg; dashboard_03_b41ef0b2.jpg; dashboard_04_38e455d4.jpg; dashboard_05_fad8e3bd.jpg,SUCCESS,dashboards/VW/POLO_9_2010
VW,POLO UP,2016,YE-VW068 (11-312); YE-VW018 (11-312),2016 VW POLO UP dashboard interior OEM,5,dashboard_01_86244cc5.jpg; dashboard_02_026c551d.jpg; dashboard_03_38e455d4.jpg; dashboard_04_b41ef0b2.jpg; dashboard_05_82f3de68.jpg,SUCCESS,dashboards/VW/POLO_UP_2016
VW,TIGUAN 2017,2017,FEA198 (22-092),2017 VW TIGUAN 2017 dashboard interior OEM,5,dashboard_01_08ad1855.jpg; dashboard_02_23589b84.jpg; dashboard_03_c4b43f93.jpg; dashboard_04_ad3637ba.jpg; dashboard_05_57c3960c.jpg,SUCCESS,dashboards/VW/TIGUAN_2017_2017
VW,TOURAG / T5 -2009,2002-2010,959009 (08-008),2002 VW TOURAG / T5 -2009 dashboard interior OEM,5,dashboard_01_c4489850.jpg; dashboard_02_9f22d880.jpg; dashboard_03_359a7255.jpg; dashboard_04_5ec1ca61.jpg; dashboard_05_d07e93ab.jpg,SUCCESS,dashboards/VW/TOURAG_T5_-2009_2002-2010
VW,TOURAG / T5 -2009,2004-2010,FA-VW TOURAG (08-008); FEA224 ((08-008),2004 VW TOURAG / T5 -2009 dashboard interior OEM,5,dashboard_01_359a7255.jpg; dashboard_02_c4489850.jpg; dashboard_03_d07e93ab.jpg; dashboard_04_9f22d880.jpg; dashboard_05_383df239.jpg,SUCCESS,dashboards/VW/TOURAG_T5_-2009_2004-2010
