Make,Model,Year Range,Search Query,Folder Name,SKU Count,SKUs
ALFA,MITO,2008,2008 ALFA MITO dashboard interior OEM,MITO_2008,1,YE-AR004 (11-365)
AUDI,A3,1996-1999,1996 AUDI A3 dashboard interior OEM,A3_1996-1999,1,PZ-25108 (11-003)
AUDI,A3,2002-2008,2002 AUDI A3 dashboard interior OEM,A3_2002-2008,1,FEA826 (11-450)
AUDI,A3,2003-2008,2003 AUDI A3 dashboard interior OEM,A3_2003-2008,1,PZ-25115 (11-007)
AUDI,A3,2012,2012 AUDI A3 dashboard interior OEM,A3_2012,2,"AJ-AD-006 (11-450 9""); PZ-25116 (11-450 9"")"
AUDI,A4,2002-2008,2002 AUDI A4 dashboard interior OEM,A4_2002-2008,1,"AJ-AD-TK0827 (11-457 9"")"
AUDI,A4,2008,2008 AUDI A4 dashboard interior OEM,A4_2008,1,"FEA827 (11-457 9"")"
AUDI,A4 A6 TT,1999-2002,1999 AUDI A4 A6 TT dashboard interior OEM,A4_A6_TT_1999-2002,1,PZ-25112 (11-005)
AUDI,A4 B6 2000-2006,2004-2006,2004 AUDI A4 B6 2000-2006 dashboard interior OEM,A4_B6_2000-2006_2004-2006,1,FA-AUDI A4/B6 (11-457)
AUDI,TT,2006,2006 AUDI TT dashboard interior OEM,TT_2006,2,FEA0022; FEA828
BMW,1 SERIES E81/E82/E87/E88,2004-2011,2004 BMW 1 SERIES E81/E82/E87/E88 dashboard interior OEM,1_SERIES_E81E82E87E88_2004-2011,1,AJ-BMW-TK1011 (11-481)
BMW,1 SERIES E81/E82/E87/E88,2012,2012 BMW 1 SERIES E81/E82/E87/E88 dashboard interior OEM,1_SERIES_E81E82E87E88_2012,1,AJ-BMW-TK1012 (11-481)
BMW,E46,1998-2005,1998 BMW E46 dashboard interior OEM,E46_1998-2005,2,PZ-22004 (11-011); AS-BMWE46 (11-011)
BMW,E46,2005,2005 BMW E46 dashboard interior OEM,E46_2005,2,AJ-BMW-001 (22-498); FEA009 (22-498)
BMW,E90,2004-2012,2004 BMW E90 dashboard interior OEM,E90_2004-2012,1,PZ-22160 (11-052)
BMW,E90,2012,2012 BMW E90 dashboard interior OEM,E90_2012,1,FEA010 (22-125)
BMW,X5 / 5-SERIES 1995-2003,1999-2006,1999 BMW X5 / 5-SERIES 1995-2003 dashboard interior OEM,X5_5-SERIES_1995-2003_1999-2006,1,FEA012 (22-041)
CHEVROLET,AVEO,2011-2013,2011 CHEVROLET AVEO dashboard interior OEM,AVEO_2011-2013,1,AJ-CHV-TK0243A (22-181)
CHEVROLET,AVEO SONIC,, CHEVROLET AVEO SONIC dashboard interior OEM,AVEO_SONIC_,1,FEA243 (22-181)
CHEVROLET,CAPTIVA,2017,2017 CHEVROLET CAPTIVA dashboard interior OEM,CAPTIVA_2017,1,FEA216
CHEVROLET,CAPTIVA AVEO,2011,2011 CHEVROLET CAPTIVA AVEO dashboard interior OEM,CAPTIVA_AVEO_2011,1,FEA018 (22-945)
CHEVROLET,CLASSIC CRUZE,, CHEVROLET CLASSIC CRUZE dashboard interior OEM,CLASSIC_CRUZE_,1,AJ-CHV-TK0045 (22-407)
CHEVROLET,CRUZE,, CHEVROLET CRUZE dashboard interior OEM,CRUZE_,1,FEA045 (22-407)
CHEVROLET,SPARK,2015,2015 CHEVROLET SPARK dashboard interior OEM,SPARK_2015,1,FEA014 (22-180)
CHEVROLET,"SPARK , DAEWOO MATIZ -2011",2010-2013,"2010 CHEVROLET SPARK , DAEWOO MATIZ -2011 dashboard interior OEM",SPARK_DAEWOO_MATIZ_-2011_2010-2013,1,FEA013 (22-542)
CHEVROLET,"SPARK , DAEWOO MATIZ -2011",2014,"2014 CHEVROLET SPARK , DAEWOO MATIZ -2011 dashboard interior OEM",SPARK_DAEWOO_MATIZ_-2011_2014,1,AJ-CHV-TK0683 (22-180)
CHRYSLER,NEON,, CHRYSLER NEON dashboard interior OEM,NEON_,1,FA-CHRYSLER NEON (11-054)
DAIHATSU,SIRION,2008,2008 DAIHATSU SIRION dashboard interior OEM,SIRION_2008,1,FEA226 (22-270)
DAIHATSU,TERIOS,, DAIHATSU TERIOS dashboard interior OEM,TERIOS_,2,"FEA017 (11-204 9""); FEA020 (11-204 9"")"
DAIHATSU,TERIOS O6-2016/ TOYOTA RUSH,2006-2026,2006 DAIHATSU TERIOS O6-2016/ TOYOTA RUSH dashboard interior OEM,TERIOS_O6-2016_TOYOTA_RUSH_2006-2026,2,YE-TO052 (11-204); MFN039TO (11-204)
FIAT,500,2007-2015,2007 FIAT 500 dashboard interior OEM,500_2007-2015,2,YE-FI012 (11-282); FAIT500 1DIN (11-282)
FIAT,500,2015,2015 FIAT 500 dashboard interior OEM,500_2015,1,"FEA022 (11-322 9"")"
FORD,BANTAM FIESTA/IKON 1995-2004,2005-2011,2005 FORD BANTAM FIESTA/IKON 1995-2004 dashboard interior OEM,BANTAM_FIESTAIKON_1995-2004_2005-2011,3,AS-FORD BANTAM; PO-FORD BANTAM; YE-FR011 (11-548)
FORD,FIESTA,, FORD FIESTA dashboard interior OEM,FIESTA_,1,FEA023
FORD,FIESTA,2014,2014 FORD FIESTA dashboard interior OEM,FIESTA_2014,1,AJ-FD-001
FORD,FIESTA 3 SLOT,2001-2005,2001 FORD FIESTA 3 SLOT dashboard interior OEM,FIESTA_3_SLOT_2001-2005,1,FA-PZ-0005 (11-049)
FORD,FIESTA/FOCUS/KUGA,2006-2008,2006 FORD FIESTA/FOCUS/KUGA dashboard interior OEM,FIESTAFOCUSKUGA_2006-2008,1,FA-FORD FOCUS/FA-PZ-26058 (10-001)
FORD,FIGO,, FORD FIGO dashboard interior OEM,FIGO_,1,FEA028
FORD,FIGO,2019-2021,2019 FORD FIGO dashboard interior OEM,FIGO_2019-2021,1,AJ-FD-039
FORD,FIGO +,, FORD FIGO + dashboard interior OEM,FIGO_,3,FEA902; FEA646; FA-YE-FR107N
FORD,FIGO ASPIRE,, FORD FIGO ASPIRE dashboard interior OEM,FIGO_ASPIRE_,1,AJ-FD-TK0646
FORD,FIGO ASPIRE/FREESTYLE,, FORD FIGO ASPIRE/FREESTYLE dashboard interior OEM,FIGO_ASPIREFREESTYLE_,1,AJ-FD-TK0767
FORD,FIGO POCKET,, FORD FIGO POCKET dashboard interior OEM,FIGO_POCKET_,1,FA-FORD FIGO (11-047)
FORD,FOCUS,2008,2008 FORD FOCUS dashboard interior OEM,FOCUS_2008,1,AJ-FD-TK0041E (22-630)
FORD,FOCUS,2018,2018 FORD FOCUS dashboard interior OEM,FOCUS_2018,1,AJ-FD-008 (22-645)
FORD,FOCUS - (),2008,2008 FORD FOCUS - () dashboard interior OEM,FOCUS_-_2008,2,FEA041 (22-630); AJ-FD-006 (22-630)
FORD,FOCUS/FIESTA,2011,2011 FORD FOCUS/FIESTA dashboard interior OEM,FOCUSFIESTA_2011,2,"FEA032 (11-810 9""); FEA990 (11- 810 9"")"
FORD,KA,1996-2008,1996 FORD KA dashboard interior OEM,KA_1996-2008,1,PZ-0006 (11-681)
FORD,KUGA,, FORD KUGA dashboard interior OEM,KUGA_,1,FEA024 (22-687)
FORD,KUGA CMAX 2010+,2011,2011 FORD KUGA CMAX 2010+ dashboard interior OEM,KUGA_CMAX_2010_2011,1,YE-FR020 (11-159)
FORD,KUGA/ESCAPE,, FORD KUGA/ESCAPE dashboard interior OEM,KUGAESCAPE_,1,"AJ-FD-031 (11-276 9"")"
FORD,RANGER,, FORD RANGER dashboard interior OEM,RANGER_,2,AJ-FD-028 (22-626); FEA034 (22-626)
FORD,RANGER,2015+,2015 FORD RANGER dashboard interior OEM,RANGER_2015-present,1,AJ-FD-024 (22-621)
FORD,RANGER T6 & SWITCHES,2012-2015,2012 FORD RANGER T6 & SWITCHES dashboard interior OEM,RANGER_T6_SWITCHES_2012-2015,1,FEA033 (22-313)
FORD,RANGER T7,2015+,2015 FORD RANGER T7 dashboard interior OEM,RANGER_T7_2015-present,1,AJ-FD-TK0617 T7 (22-621)
FORD,RANGER T7 +,, FORD RANGER T7 + dashboard interior OEM,RANGER_T7_,1,FA-FORD RANGER T7 (11-626)
FORD,RANGER/EVEREST,2015+,2015 FORD RANGER/EVEREST dashboard interior OEM,RANGEREVEREST_2015-present,2,AJ-FD-029 (22-621); AJ-FD-029-D (22-621)
FORD,RANGER/TRANSIT/TOURNEO,, FORD RANGER/TRANSIT/TOURNEO dashboard interior OEM,RANGERTRANSITTOURNEO_,1,"AJ-FD-TK0680A (11-491 9"")"
FORD,TRANSIT,, FORD TRANSIT dashboard interior OEM,TRANSIT_,1,"FEA680 (11-491 9"")"
FOTON,TAXI,, FOTON TAXI dashboard interior OEM,TAXI_,1,FEA313
GWM,P SERIES +,, GWM P SERIES + dashboard interior OEM,P_SERIES_,1,AJ-CC-030
GWM,STEED 6 +,, GWM STEED 6 + dashboard interior OEM,STEED_6_,1,AJ-CC-022
HAVAL,H1,, HAVAL H1 dashboard interior OEM,H1_,1,AJ-CC-017
HAVAL,H2,, HAVAL H2 dashboard interior OEM,H2_,1,AJ-CC-012
HAVAL,H6,, HAVAL H6 dashboard interior OEM,H6_,1,AJ-CC-009 (22-906)
HONDA,ACCORD,, HONDA ACCORD dashboard interior OEM,ACCORD_,1,AJ-HND-TK0669C
HONDA,BRIO,2015,2015 HONDA BRIO dashboard interior OEM,BRIO_2015,1,YE-HO035 (11-388)
HONDA,BRV,, HONDA BRV dashboard interior OEM,BRV_,3,"FEA045 (11-699 9""); FEA532 (11-699 9""); AJ-HND-TK0532 (11-699 9"")"
HONDA,CITY,2014,2014 HONDA CITY dashboard interior OEM,CITY_2014,2,"AJ-HND-TK0520 (11-507 10.1""); FEA520 (11-507 10.1"")"
HONDA,CIVIC HATCHBACH,2017,2017 HONDA CIVIC HATCHBACH dashboard interior OEM,CIVIC_HATCHBACH_2017,1,"FEA122 (11-344 9"")"
HONDA,CIVIC TYPE-R,, HONDA CIVIC TYPE-R dashboard interior OEM,CIVIC_TYPE-R_,2,FEA121 (11-223); FEA048 (22-218)
HONDA,CRV,2012,2012 HONDA CRV dashboard interior OEM,CRV_2012,2,AJ-HND-TK0110 (22-012); FA-FEA110 (22-012)
HONDA,JAZZ,2008,2008 HONDA JAZZ dashboard interior OEM,JAZZ_2008,2,YE-HO031 (11-213); YE-HO031 (22-213)
HONDA,JAZZ,2013,2013 HONDA JAZZ dashboard interior OEM,JAZZ_2013,2,FEA601 (22-671); YE-HO014 (11-220)
HONDA,XRV,, HONDA XRV dashboard interior OEM,XRV_,1,FEA045 (22-040)
HYUNDAI,ACCENT,2017,2017 HYUNDAI ACCENT dashboard interior OEM,ACCENT_2017,1,FEA711
HYUNDAI,ACCENT/ I25/ VERNA,2010-2017,2010 HYUNDAI ACCENT/ I25/ VERNA dashboard interior OEM,ACCENT_I25_VERNA_2010-2017,2,RU-HYUNDAI VERNA (11-105); FEA093 (22-105)
HYUNDAI,CRETA/IX25 +,, HYUNDAI CRETA/IX25 + dashboard interior OEM,CRETAIX25_,3,"YE-HYRE080 (11-656); FEA219 (22-656 9""); AJ-HY-003 (22-656)"
HYUNDAI,ELANTRA,, HYUNDAI ELANTRA dashboard interior OEM,ELANTRA_,1,AJ-HY-TK0558 (22-680)
HYUNDAI,H1,2015,2015 HYUNDAI H1 dashboard interior OEM,H1_2015,2,MFN001HY (11-144); YE-HY047 (11-144)
HYUNDAI,H1/STAREX +,, HYUNDAI H1/STAREX + dashboard interior OEM,H1STAREX_,2,FA-FEA579 (22-610); FEA059 (22-610)
HYUNDAI,SANTA FE/ IX45,2015,2015 HYUNDAI SANTA FE/ IX45 dashboard interior OEM,SANTA_FE_IX45_2015,1,FEA217 (22-787)
HYUNDAI,SONATA,2008,2008 HYUNDAI SONATA dashboard interior OEM,SONATA_2008,1,"FEA710 (11-067 9"")"
HYUNDAI,SONATA,2014,2014 HYUNDAI SONATA dashboard interior OEM,SONATA_2014,1,FEA068 (22-140)
HYUNDAI,TUCSON,2018,2018 HYUNDAI TUCSON dashboard interior OEM,TUCSON_2018,3,AJ-HY-005 (22-070); AJ-HY-011 (22-613); FEA945 (22-613)
HYUNDAI,VELOSTER,, HYUNDAI VELOSTER dashboard interior OEM,VELOSTER_,1,"FEA811 (11-319 9"")"
HYUNDAI,i10,, HYUNDAI i10 dashboard interior OEM,i10_,4,FEA551 (22-143); FEA060 (22-143); FEA622; AJ-HY-072
HYUNDAI,i10,2017,2017 HYUNDAI i10 dashboard interior OEM,i10_2017,1,AJ-HY-046 (22-360)
HYUNDAI,i20,, HYUNDAI i20 dashboard interior OEM,i20_,2,FEA560 (22-800); FEA067 (22-800)
HYUNDAI,i20,2012,2012 HYUNDAI i20 dashboard interior OEM,i20_2012,2,FEA064; FA-HYUNDAI I20 (11-066)
HYUNDAI,i20,2018,2018 HYUNDAI i20 dashboard interior OEM,i20_2018,3,RU-HYUNDAI I20 (11-703); FEA065 (22-703); FEA559 (22-703)
HYUNDAI,i20 - WITH MANUAL,2014,2014 HYUNDAI i20 - WITH MANUAL dashboard interior OEM,i20_-_WITH_MANUAL_2014,1,"FEA062 (11-426 9"")"
ISUZU,D-MAX,, ISUZU D-MAX dashboard interior OEM,D-MAX_,3,FA-ISUZU DMAX; AJ-WSL-014; FEA076
ISUZU,D-MAX,2005,2005 ISUZU D-MAX dashboard interior OEM,D-MAX_2005,1,FEA205
ISUZU,D-MAX,2019,2019 ISUZU D-MAX dashboard interior OEM,D-MAX_2019,1,FEA075 (22-293)
JEEP,COMPASS,, JEEP COMPASS dashboard interior OEM,COMPASS_,2,AJ-JP-TK0076 (22-810); FEA076 (22-810)
JEEP,COMPASS,2007-2009,2007 JEEP COMPASS dashboard interior OEM,COMPASS_2007-2009,1,"FEA078 (11-054 9"")"
JEEP,GRAND CHEROKEE,1999-2004,1999 JEEP GRAND CHEROKEE dashboard interior OEM,GRAND_CHEROKEE_1999-2004,1,PZ-22162 (11-014)
JEEP,RENEGADE,2016+,2016 JEEP RENEGADE dashboard interior OEM,RENEGADE_2016-present,1,AJ-JP-008 (22-629)
JEEP,WRANGLER,2018+,2018 JEEP WRANGLER dashboard interior OEM,WRANGLER_2018-present,1,AJ-JP-007
JEEP,WRANGLER GRAND CHEROKEE -2010,2007-2016,2007 JEEP WRANGLER GRAND CHEROKEE -2010 dashboard interior OEM,WRANGLER_GRAND_CHEROKEE_-2010_2007-2016,1,JDB (11-189)
JEEP,WRANGLER/RUBICORN,2011-2014,2011 JEEP WRANGLER/RUBICORN dashboard interior OEM,WRANGLERRUBICORN_2011-2014,1,FEA231
JEEP,WRANGLER/RUBICORN DOOR,2008-2010,2008 JEEP WRANGLER/RUBICORN DOOR dashboard interior OEM,WRANGLERRUBICORN_DOOR_2008-2010,4,AJ-JP-TK1035; FEA035; FEA036; AJ-JP-TK1036
KIA,CERATO,2012,2012 KIA CERATO dashboard interior OEM,CERATO_2012,1,FEA746 (22-147)
KIA,FORTE CERATO,2012,2012 KIA FORTE CERATO dashboard interior OEM,FORTE_CERATO_2012,1,FEA067 (22-147)
KIA,K3/FORTE/SHUMA,, KIA K3/FORTE/SHUMA dashboard interior OEM,K3FORTESHUMA_,2,"FEA085 (11-568 9""); FEA946 (11-568 9"")"
KIA,PICANTO,2023,2023 KIA PICANTO dashboard interior OEM,PICANTO_2023,1,AJ-KIA-094
KIA,PICANTO +,, KIA PICANTO + dashboard interior OEM,PICANTO_,4,"AJ-KIA-TK0612 (11-397 9""); FEA612 (11-397 9""); AJ-KIA-TK0756 (22-813); AJ-KIA-037 (22-813)"
KIA,RIO,2017,2017 KIA RIO dashboard interior OEM,RIO_2017,1,"FEA871 (11-602 9"")"
KIA,RIO +,, KIA RIO + dashboard interior OEM,RIO_,1,FEA228
KIA,SORENTO,, KIA SORENTO dashboard interior OEM,SORENTO_,1,FEA225 (22-332)
KIA,SORENTO +,, KIA SORENTO + dashboard interior OEM,SORENTO_,1,AJ-KIA-021 (22-515)
KIA,SPORTAGE,2016,2016 KIA SPORTAGE dashboard interior OEM,SPORTAGE_2016,2,FEA093 (22-104); FEA034 (22-104)
KIA,SPORTAGE/KX5,, KIA SPORTAGE/KX5 dashboard interior OEM,SPORTAGEKX5_,1,FEA092 (22-599)
LANDROVER,DISCOVERY FREELANDER,2009,2009 LANDROVER DISCOVERY FREELANDER dashboard interior OEM,DISCOVERY_FREELANDER_2009,1,FA-LANDROVER (11-075)
LEXUS,RX300/330/350,2009,2009 LEXUS RX300/330/350 dashboard interior OEM,RX300330350_2009,1,"FEA741 (11-116 9"")"
MAHINDRA,KUV100 +,, MAHINDRA KUV100 + dashboard interior OEM,KUV100_,1,FEA341
MAHINDRA,SCORPIO AUTO,, MAHINDRA SCORPIO AUTO dashboard interior OEM,SCORPIO_AUTO_,2,AJ-MHD-TK0569; FEA098
MAHINDRA,THAR,, MAHINDRA THAR dashboard interior OEM,THAR_,1,FEA644
MAHINDRA,XUV 500,, MAHINDRA XUV 500 dashboard interior OEM,XUV_500_,1,FEA645
MAZDA,2,, MAZDA 2 dashboard interior OEM,2_,2,FEA667 (22-079); AJ-MZ-TK0667 (22-079)
MAZDA,3,2009,2009 MAZDA 3 dashboard interior OEM,3_2009,2,FEA245 (22-081); AJ-MZ-TK0245 (22-081)
MAZDA,3,2013,2013 MAZDA 3 dashboard interior OEM,3_2013,1,FEA228 (22-082)
MAZDA,3,2017,2017 MAZDA 3 dashboard interior OEM,3_2017,1,AJ-MZ-015 (22-781)
MAZDA,5,, MAZDA 5 dashboard interior OEM,5_,1,FEA105 (22-177)
MAZDA,5,2010,2010 MAZDA 5 dashboard interior OEM,5_2010,1,LU754 (22-084)
MAZDA,6,2004-2009,2004 MAZDA 6 dashboard interior OEM,6_2004-2009,1,FEA263 (22-345)
MAZDA,BT50,, MAZDA BT50 dashboard interior OEM,BT50_,2,AJ-FR-035 (22-275); FEA109 (22-275)
MAZDA,BT50 - /DOOR LOCK BUTTONS,2018,2018 MAZDA BT50 - /DOOR LOCK BUTTONS dashboard interior OEM,BT50_-_DOOR_LOCK_BUTTONS_2018,1,"AJ-MZ-014 (11-516 9"")"
MAZDA,MX-5,, MAZDA MX-5 dashboard interior OEM,MX-5_,1,"FEA112 (11-176 9"")"
MAZDA,RX-8,2008,2008 MAZDA RX-8 dashboard interior OEM,RX-8_2008,2,"FEA452 (11-234 9""); AJ-MZ-035 (11-086 9"")"
MERCEDES,A/B-CLASS (W169/W245) - VITO VW CRAFTER,2013,2013 MERCEDES A/B-CLASS (W169/W245) - VITO VW CRAFTER dashboard interior OEM,AB-CLASS_W169W245_-_VITO_VW_CRAFTER_2013,1,PZ21003/FA-CRAFTER (11-497)
MERCEDES,B200/VIANO VITO W209,2014,2014 MERCEDES B200/VIANO VITO W209 dashboard interior OEM,B200VIANO_VITO_W209_2014,3,RU-MERC B200 (11-133); FEA115 (22-133); AJ-MBZ-001 (22-133)
MERCEDES,C-CLASS,2011,2011 MERCEDES C-CLASS dashboard interior OEM,C-CLASS_2011,1,RU-MERC C 2DIN (11-359)
MERCEDES,C-CLASS,2014,2014 MERCEDES C-CLASS dashboard interior OEM,C-CLASS_2014,1,FEA842 (11-359)
MERCEDES,C-CLASS GLK -2009,2004-2009,2004 MERCEDES C-CLASS GLK -2009 dashboard interior OEM,C-CLASS_GLK_-2009_2004-2009,2,"FEA926 (11-132 9""); AJ-MBZ-010 (11-132 9"")"
MERCEDES,E-CLASS W211,2002-2009,2002 MERCEDES E-CLASS W211 dashboard interior OEM,E-CLASS_W211_2002-2009,2,"FEA760 (11-451 9""); AJ-MBZ-TK0760 (22-023)"
MERCEDES,M-CLASS W164,2005-2011,2005 MERCEDES M-CLASS W164 dashboard interior OEM,M-CLASS_W164_2005-2011,1,FEA761 (22-023)
MERCEDES,SLK,2011,2011 MERCEDES SLK dashboard interior OEM,SLK_2011,1,YE-BE015 (11-607)
MERCEDES,SPRINTER /VW CRAFTER -2016,2006,2006 MERCEDES SPRINTER /VW CRAFTER -2016 dashboard interior OEM,SPRINTER_VW_CRAFTER_-2016_2006,2,"FEA705 (11-714 9""); YE-BE022 (11-714)"
MERCEDES,VITO,2003-2006,2003 MERCEDES VITO dashboard interior OEM,VITO_2003-2006,1,PZ-20001 (11-010)
MERCEDES,VITO,2010,2010 MERCEDES VITO dashboard interior OEM,VITO_2010,1,AJ-MBZ-029
MERCEDES,VITO,2014-2018,2014 MERCEDES VITO dashboard interior OEM,VITO_2014-2018,3,FEA120; FEA135; FEA779
MITSUBISHI,LANCER 10.1,, MITSUBISHI LANCER 10.1 dashboard interior OEM,LANCER_101_,1,FEA232 (22-006)
MITSUBISHI,NEW STRENGTH DAZZLE 10.1,, MITSUBISHI NEW STRENGTH DAZZLE 10.1 dashboard interior OEM,NEW_STRENGTH_DAZZLE_101_,1,FEA122
MITSUBISHI,OUTLANDER,2012,2012 MITSUBISHI OUTLANDER dashboard interior OEM,OUTLANDER_2012,1,FEA123 (22-004)
MITSUBISHI,PAJERO,2007+,2007 MITSUBISHI PAJERO dashboard interior OEM,PAJERO_2007-present,1,FA-FEA557 (22-005)
MITSUBISHI,PAJERO SPORT,, MITSUBISHI PAJERO SPORT dashboard interior OEM,PAJERO_SPORT_,1,FEA221 (22-988)
MITSUBISHI,PAJERO SPORT/TRITON,, MITSUBISHI PAJERO SPORT/TRITON dashboard interior OEM,PAJERO_SPORTTRITON_,1,"FEA222 (11-637 9"")"
MITSUBISHI,PAJERO SPORT/TRITON,2015,2015 MITSUBISHI PAJERO SPORT/TRITON dashboard interior OEM,PAJERO_SPORTTRITON_2015,1,FEA125 (22-156)
NISSAN,JUKE,2016,2016 NISSAN JUKE dashboard interior OEM,JUKE_2016,1,FEA213
NISSAN,LIVINA/NAVARA,, NISSAN LIVINA/NAVARA dashboard interior OEM,LIVINANAVARA_,1,YE-NI020 (11-429)
NISSAN,MAGNITE,, NISSAN MAGNITE dashboard interior OEM,MAGNITE_,1,AJ-NS-TK1326
NISSAN,MICRA,, NISSAN MICRA dashboard interior OEM,MICRA_,1,FEA046 (22-017)
NISSAN,MICRA,2013,2013 NISSAN MICRA dashboard interior OEM,MICRA_2013,1,"FEA212 (11-295 9"")"
NISSAN,MICRA,2017,2017 NISSAN MICRA dashboard interior OEM,MICRA_2017,1,"FEA271 (11-429 9"")"
NISSAN,NAVARA,2006-2012,2006 NISSAN NAVARA dashboard interior OEM,NAVARA_2006-2012,1,FEA900
NISSAN,NAVARA,2015-2017,2015 NISSAN NAVARA dashboard interior OEM,NAVARA_2015-2017,1,AJ-NS-039 (22-309)
NISSAN,NAVARA / NP300,2016,2016 NISSAN NAVARA / NP300 dashboard interior OEM,NAVARA_NP300_2016,2,"FEA133 (11-740 9""); YE-NI028 (11-566)"
NISSAN,NP200,, NISSAN NP200 dashboard interior OEM,NP200_,2,"YE-RE012 (11-329); FEA134 (11-329 9"")"
NISSAN,NP200 /DACIA,2009+,2009 NISSAN NP200 /DACIA dashboard interior OEM,NP200_DACIA_2009-present,1,"FA-RE047N (11-329 9"")"
NISSAN,NP200 SUNNY /DACIA,2014-2018,2014 NISSAN NP200 SUNNY /DACIA dashboard interior OEM,NP200_SUNNY_DACIA_2014-2018,1,AJ-NS-006 (11-429)
NISSAN,QASHQAI,2014,2014 NISSAN QASHQAI dashboard interior OEM,QASHQAI_2014,2,FEA135 (22-241); FEA264A (22-241)
NISSAN,UNIVERSAL LIVINA SIDE,2013,2013 NISSAN UNIVERSAL LIVINA SIDE dashboard interior OEM,UNIVERSAL_LIVINA_SIDE_2013,2,YE-NI032; RU-NISSAN LIVINA SIDE
NISSAN,X-TRAIL/QASHQAI,, NISSAN X-TRAIL/QASHQAI dashboard interior OEM,X-TRAILQASHQAI_,1,YE-NI023 (11-478)
NISSAN,X-TRAIL/QASHQAI,2014,2014 NISSAN X-TRAIL/QASHQAI dashboard interior OEM,X-TRAILQASHQAI_2014,1,AJ-NS-004 (22-478)
OPEL,ASTRA/GRAND LAND,2016,2016 OPEL ASTRA/GRAND LAND dashboard interior OEM,ASTRAGRAND_LAND_2016,1,FEA737 (22-823)
OPEL,CORSA +,, OPEL CORSA + dashboard interior OEM,CORSA_,1,FEA740
OPEL,CORSA /ADAM +,2014+,2014 OPEL CORSA /ADAM + dashboard interior OEM,CORSA_ADAM_2014-present,1,"FEA425 (11-552 9"")"
OPEL,CORSA/ASTRA,2001-2006,2001 OPEL CORSA/ASTRA dashboard interior OEM,CORSAASTRA_2001-2006,2,YE-OP001 (11-791) FLAT; FA-YE-OP001 (11-791) FLAT
OPEL,CORSA/ASTRA,2015,2015 OPEL CORSA/ASTRA dashboard interior OEM,CORSAASTRA_2015,2,"FEA697 (11-090 9""); FEA141 (11-090 9"")"
OPEL,CORSA/ASTRA (),2006-2015,2006 OPEL CORSA/ASTRA () dashboard interior OEM,CORSAASTRA_2006-2015,1,AS-OPEL VECTRA/ASTRA (11-028) CURVE (11-028) CURVE
OPEL,CORSA/ASTRA (YE-OP004),2001-2006,2001 OPEL CORSA/ASTRA (YE-OP004) dashboard interior OEM,CORSAASTRA_YE-OP004_2001-2006,1,RU-OPEL TIGRA (11-027) FLAT
OPEL,CORSA/ASTRA GREY (),2006-2015,2006 OPEL CORSA/ASTRA GREY () dashboard interior OEM,CORSAASTRA_GREY_2006-2015,1,PZ-1621 (11-090) CURVE
PORSCHE,CAYENNE,, PORSCHE CAYENNE dashboard interior OEM,CAYENNE_,1,"FEA956 (11-153 9"")"
RENAULT,CAPTUR MANUAL,, RENAULT CAPTUR MANUAL dashboard interior OEM,CAPTUR_MANUAL_,1,FEA982
RENAULT,CLIO,2016,2016 RENAULT CLIO dashboard interior OEM,CLIO_2016,1,AJ-RN-015
RENAULT,CLIO,2018,2018 RENAULT CLIO dashboard interior OEM,CLIO_2018,1,FEA144
RENAULT,DUSTER KWID 2017+,2010+,2010 RENAULT DUSTER KWID 2017+ dashboard interior OEM,DUSTER_KWID_2017_2010-present,1,YE-RE009 (11-297)
RENAULT,KADJAR,, RENAULT KADJAR dashboard interior OEM,KADJAR_,1,FEA146 (22-809)
RENAULT,KIGAR,, RENAULT KIGAR dashboard interior OEM,KIGAR_,1,FEA431
RENAULT,KWID,2017+,2017 RENAULT KWID dashboard interior OEM,KWID_2017-present,1,AJ-RN-011
RENAULT,SANDERO,, RENAULT SANDERO dashboard interior OEM,SANDERO_,1,FEA148
RENAULT,TRAFFIC,2014,2014 RENAULT TRAFFIC dashboard interior OEM,TRAFFIC_2014,1,YE-N1012 (11-463)
RENAULT,TRIBER,, RENAULT TRIBER dashboard interior OEM,TRIBER_,2,YE-RE-039N; FEA647
RENAULT,TRIBER (RN-021),, RENAULT TRIBER (RN-021) dashboard interior OEM,TRIBER_RN-021_,1,AJ-RN-TK0647
SUBARU,FORESTER,2008-2012,2008 SUBARU FORESTER dashboard interior OEM,FORESTER_2008-2012,1,FEA214 (22-295)
SUZUKI,ALTO,2009-2014,2009 SUZUKI ALTO dashboard interior OEM,ALTO_2009-2014,1,BN-25K9007 (11-256)
SUZUKI,BALENO,2024,2024 SUZUKI BALENO dashboard interior OEM,BALENO_2024,1,AJ-SK-TK1159
SUZUKI,BALENO (TOYOTA STARLET),2016-2022,2016 SUZUKI BALENO (TOYOTA STARLET) dashboard interior OEM,BALENO_TOYOTA_STARLET_2016-2022,4,AJ-SK-024 (22-654); AJ-SK-034 (22-654); FEA150 (22-654); FEA513 (22-654)
SUZUKI,BREEZA/VITARA + (TOYOTA URBAN CRUISER),, SUZUKI BREEZA/VITARA + (TOYOTA URBAN CRUISER) dashboard interior OEM,BREEZAVITARA_TOYOTA_URBAN_CRUISER_,2,AJ-SK-019 (22-655); FEA554 (22-655)
SUZUKI,CELERIO,2014+,2014 SUZUKI CELERIO dashboard interior OEM,CELERIO_2014-present,1,RU-SUZUKI CELERIO (22-596)
SUZUKI,CELERIO,2021,2021 SUZUKI CELERIO dashboard interior OEM,CELERIO_2021,2,AJ-SK-050; RU-SUZUKI CELERIO (22-596)
SUZUKI,CIAS,2022,2022 SUZUKI CIAS dashboard interior OEM,CIAS_2022,2,FEA223 (22-567); AJ-SK-003 (22-567)
SUZUKI,ERTIGA (TOYOTA RUMION),, SUZUKI ERTIGA (TOYOTA RUMION) dashboard interior OEM,ERTIGA_TOYOTA_RUMION_,2,"AS-SUZUKI ERTIGA 2018 (22-015 7""); FEA152"
SUZUKI,ERTIGA ONENAV (TOYOTA RUMION),2018+,2018 SUZUKI ERTIGA ONENAV (TOYOTA RUMION) dashboard interior OEM,ERTIGA_ONENAV_TOYOTA_RUMION_2018-present,1,ON711-F1 (22-015)
SUZUKI,GRAND VITARA,2005-2010,2005 SUZUKI GRAND VITARA dashboard interior OEM,GRAND_VITARA_2005-2010,2,"FEA630 (09-001 9""); SU-075N (09-001 9"")"
SUZUKI,IGNIS +,, SUZUKI IGNIS + dashboard interior OEM,IGNIS_,2,RU-SUZUKI IGNIS (22-743); AJ-SK-016 (22-743)
SUZUKI,JIMNY,2022,2022 SUZUKI JIMNY dashboard interior OEM,JIMNY_2022,1,AJ-SK-022 (22-981)
SUZUKI,SUSUKI JIMNY,2006-2012,2006 SUZUKI SUSUKI JIMNY dashboard interior OEM,SUSUKI_JIMNY_2006-2012,1,SJ (11-357)
SUZUKI,SUSUKI JIMNY,2012,2012 SUZUKI SUSUKI JIMNY dashboard interior OEM,SUSUKI_JIMNY_2012,2,"FEA154 (11-357 9""); FEA874 (11-357 9"")"
SUZUKI,SUSUKI S-PRESSO,2022,2022 SUZUKI SUSUKI S-PRESSO dashboard interior OEM,SUSUKI_S-PRESSO_2022,1,SU-074N
SUZUKI,SWIFT,, SUZUKI SWIFT dashboard interior OEM,SWIFT_,2,AJ-SK-TK2514S; FEA200
SUZUKI,SWIFT +,, SUZUKI SWIFT + dashboard interior OEM,SWIFT_,5,FA-SUZUKI SWIFT 2018 (11-795); FEA159 (22-795); FEA200 (22-795); AJ-SK-013 (22-795); AJ-SK-048 (22-795)
SUZUKI,SWIFT -2010/ DZIRE,2008-2010,2008 SUZUKI SWIFT -2010/ DZIRE dashboard interior OEM,SWIFT_-2010_DZIRE_2008-2010,2,FEA157 (22-259); AJ-SK-002 (22-259)
SUZUKI,SWIFT -2017/ ERTIGA,2012-2017,2012 SUZUKI SWIFT -2017/ ERTIGA dashboard interior OEM,SWIFT_-2017_ERTIGA_2012-2017,1,AJ-SK-014 (22-157)
SUZUKI,SX4,2013,2013 SUZUKI SX4 dashboard interior OEM,SX4_2013,3,95-8902A (09-002); 95-8902A (09-002); AJ-SK-007 (22-958)
SUZUKI,VITARA,2015+,2015 SUZUKI VITARA dashboard interior OEM,VITARA_2015-present,1,AJ-SK-001 (22-588)
TOYOTA,AURIS,2006-2012,2006 TOYOTA AURIS dashboard interior OEM,AURIS_2006-2012,1,FA-YE-TO022 (11-110)
TOYOTA,AURIS,2014+,2014 TOYOTA AURIS dashboard interior OEM,AURIS_2014-present,1,YE-TO099 (11-512)
TOYOTA,AVANZA,2016,2016 TOYOTA AVANZA dashboard interior OEM,AVANZA_2016,1,FEA615 (11-253)
TOYOTA,AVENSIS,2008,2008 TOYOTA AVENSIS dashboard interior OEM,AVENSIS_2008,1,PZ-3430 (11-108 WITH POCKET)
TOYOTA,AYGO +,, TOYOTA AYGO + dashboard interior OEM,AYGO_,2,"FEA929 (11-591 9""); AJ-TY-TK1929 (11-591 9"")"
TOYOTA,COROLLA,2007-2013,2007 TOYOTA COROLLA dashboard interior OEM,COROLLA_2007-2013,1,LU502 (22-003)
TOYOTA,COROLLA,2013-2016,2013 TOYOTA COROLLA dashboard interior OEM,COROLLA_2013-2016,1,AJ-TY-096 (22-013)
TOYOTA,COROLLA,2017,2017 TOYOTA COROLLA dashboard interior OEM,COROLLA_2017,1,YE-TO152 (11-696)
TOYOTA,COROLLA,2017+,2017 TOYOTA COROLLA dashboard interior OEM,COROLLA_2017-present,1,AJ-TY-TK0500 (22-031)
TOYOTA,COROLLA,2019+,2019 TOYOTA COROLLA dashboard interior OEM,COROLLA_2019-present,1,AJ-TY-080 (22-032)
TOYOTA,COROLLA CROSS,, TOYOTA COROLLA CROSS dashboard interior OEM,COROLLA_CROSS_,1,AJ-TY-097 (22-031)
TOYOTA,COROLLA RUNX,2001-2006,2001 TOYOTA COROLLA RUNX dashboard interior OEM,COROLLA_RUNX_2001-2006,1,PZ-27515 (11-038)
TOYOTA,COROLLA RUNX,2006,2006 TOYOTA COROLLA RUNX dashboard interior OEM,COROLLA_RUNX_2006,1,FEA166 (22-038)
TOYOTA,COROLLA VERSO,2009,2009 TOYOTA COROLLA VERSO dashboard interior OEM,COROLLA_VERSO_2009,1,"FEA029 (11-560 9"")"
TOYOTA,COROLLA/RUNX,2001-2006,2001 TOYOTA COROLLA/RUNX dashboard interior OEM,COROLLARUNX_2001-2006,1,AS-RUNX WITH POCKET (11-037)
TOYOTA,ETIOS +,, TOYOTA ETIOS + dashboard interior OEM,ETIOS_,3,"FEA678 (11-231 9""); AJ-TY-TK0678 (11-231 9""); YE-TO118 (11-231)"
TOYOTA,FJ CRUIZER (),, TOYOTA FJ CRUIZER () dashboard interior OEM,FJ_CRUIZER_,1,FEA171
TOYOTA,FJ CRUIZER () & HARNESS,, TOYOTA FJ CRUIZER () & HARNESS dashboard interior OEM,FJ_CRUIZER_HARNESS_,2,AJ-TY-TK0659; FEA659
TOYOTA,FORTUNER +,, TOYOTA FORTUNER + dashboard interior OEM,FORTUNER_,3,BN-25K9730PB (11-600); AJ-TY-034 (22-600); FEA172 (22-600)
TOYOTA,HILUX,1998-2010,1998 TOYOTA HILUX dashboard interior OEM,HILUX_1998-2010,1,FA-HILUX 2005 (OLD)
TOYOTA,HILUX,2011,2011 TOYOTA HILUX dashboard interior OEM,HILUX_2011,1,AS-TOYOTA HILUX 2011
TOYOTA,HILUX GD6,2015+,2015 TOYOTA HILUX GD6 dashboard interior OEM,HILUX_GD6_2015-present,1,YE-TO111 (11-573) GD6
TOYOTA,HILUX GD6,2016+,2016 TOYOTA HILUX GD6 dashboard interior OEM,HILUX_GD6_2016-present,1,FEA161 (22-573)
TOYOTA,HILUX NEW,2016,2016 TOYOTA HILUX NEW dashboard interior OEM,HILUX_NEW_2016,1,PZ-6215 (2016)
TOYOTA,HILUX/FORTUNER,2008,2008 TOYOTA HILUX/FORTUNER dashboard interior OEM,HILUXFORTUNER_2008,1,LU666 (22-987)
TOYOTA,HILUX/FORTUNER,2015,2015 TOYOTA HILUX/FORTUNER dashboard interior OEM,HILUXFORTUNER_2015,2,FA-BN25K9717(11-299); BN25K9717(11-299)
TOYOTA,HILUX/FORTUNER - AUTO,2015,2015 TOYOTA HILUX/FORTUNER - AUTO dashboard interior OEM,HILUXFORTUNER_-_AUTO_2015,2,FEA173 (22-987); AJ-TY-078 (22-987)
TOYOTA,LANDCRUISER 79,2015,2015 TOYOTA LANDCRUISER 79 dashboard interior OEM,LANDCRUISER_79_2015,2,AJ-TY-122; FEA175
TOYOTA,LANDCRUISER 79,2024,2024 TOYOTA LANDCRUISER 79 dashboard interior OEM,LANDCRUISER_79_2024,2,FEA176; FEA176
TOYOTA,LANDCRUISER PRADO,, TOYOTA LANDCRUISER PRADO dashboard interior OEM,LANDCRUISER_PRADO_,3,YE-TO057 (11-339); FEA307 (22-025); AJ-TY-TK0307 (22-025)
TOYOTA,LANDCRUISER PRADO,2009,2009 TOYOTA LANDCRUISER PRADO dashboard interior OEM,LANDCRUISER_PRADO_2009,2,FEA292 (22-002); FEA179 (22-002)
TOYOTA,LANDCRUISER VXR,2003,2003 TOYOTA LANDCRUISER VXR dashboard interior OEM,LANDCRUISER_VXR_2003,2,FEA657; AJ-TY-TK0657
TOYOTA,QUANTUM,, TOYOTA QUANTUM dashboard interior OEM,QUANTUM_,1,FA-QUANTUM
TOYOTA,QUANTUM +,, TOYOTA QUANTUM + dashboard interior OEM,QUANTUM_,1,FEA182
TOYOTA,RAV4,2012,2012 TOYOTA RAV4 dashboard interior OEM,RAV4_2012,2,FEA183 (22-978); FEA530 (22-978)
TOYOTA,RAV4,2013-2017,2013 TOYOTA RAV4 dashboard interior OEM,RAV4_2013-2017,1,"AJ-TY-TK0435 (11-343 9"")"
TOYOTA,RAV4,2016,2016 TOYOTA RAV4 dashboard interior OEM,RAV4_2016,1,"FEA435 (11-343 9"")"
TOYOTA,RAV4,2019,2019 TOYOTA RAV4 dashboard interior OEM,RAV4_2019,1,BN-25K9722 (11-343)
TOYOTA,VERSO,2009-2018,2009 TOYOTA VERSO dashboard interior OEM,VERSO_2009-2018,2,"FA-YE-TO054 (11-171); FEA975 (11-171 9"")"
TOYOTA,YARIS,, TOYOTA YARIS dashboard interior OEM,YARIS_,3,"FEA188 (11-793 9""); FEA784 (11-793 9""); AJ-TY-TK0784 (11-793 9"")"
TOYOTA,YARIS,2014,2014 TOYOTA YARIS dashboard interior OEM,YARIS_2014,1,"AJ-TY-TK0635A (11-342 9"")"
TOYOTA,YARIS 7,2014,2014 TOYOTA YARIS 7 dashboard interior OEM,YARIS_7_2014,2,"FEA635 (11-342 9""); FA-FEA635 (11-342 9"")"
TOYOTA,YARIS HATCH,, TOYOTA YARIS HATCH dashboard interior OEM,YARIS_HATCH_,1,M1-TPTYH
TOYOTA,YARIS SEDAN,, TOYOTA YARIS SEDAN dashboard interior OEM,YARIS_SEDAN_,1,M1-TPTYS
TOYOTA,YARIS T3 - (),2010,2010 TOYOTA YARIS T3 - () dashboard interior OEM,YARIS_T3_-_2010,4,"FA-YARIS T3 (11-401); AS-YARIS/VITS T3 (11-401); YE-TO024 (11-401); FEA817 (11-401 9"")"
TOYOTA,YARIS/VIOS,, TOYOTA YARIS/VIOS dashboard interior OEM,YARISVIOS_,1,AJ-TY-TK0626
VW,CRAFTER +,, VW CRAFTER + dashboard interior OEM,CRAFTER_,3,"FEA190 (11-795 9""); AJ-VW-TK1136 (11-795 9""); FEA954 (11-795 9"")"
VW,FITMENT KIT,2018,2018 VW FITMENT KIT dashboard interior OEM,FITMENT_KIT_2018,1,"ON668-FK1 (08-009 9"")"
VW,GOLF 4 POLO -2003,1999-2009,1999 VW GOLF 4 POLO -2003 dashboard interior OEM,GOLF_4_POLO_-2003_1999-2009,2,FA-VW POLO (PZ-28623) (11-101); PZ-28623 (11-101)
VW,GOLF 5/6,, VW GOLF 5/6 dashboard interior OEM,GOLF_56_,1,"AJ-VW-097 (08-009 9"")"
VW,GOLF 5/6,2014,2014 VW GOLF 5/6 dashboard interior OEM,GOLF_56_2014,3,"AS-GOLF5 D/D (08-008); FEA191 (08-009 9""); AJ-VW-057 (08-009 9"")"
VW,GOLF 7,2017+,2017 VW GOLF 7 dashboard interior OEM,GOLF_7_2017-present,2,AJ-VW-TK2029; FEA2029
VW,GOLF 9 FIT,, VW GOLF 9 FIT dashboard interior OEM,GOLF_9_FIT_,1,AJ-VW-TK0069A (22-540)
VW,GOLF 9 FIT SS-AN-9200V,, VW GOLF 9 FIT SS-AN-9200V dashboard interior OEM,GOLF_9_FIT_SS-AN-9200V_,2,FA-YE-VW025 (22-540 BLACK VW OEM); YE-VW025 (22-540 BLACK VW OEM)
VW,POLO,2011,2011 VW POLO dashboard interior OEM,POLO_2011,3,FEA194; AJ-VW-TK1229; FEA229
VW,POLO 9,2010,2010 VW POLO 9 dashboard interior OEM,POLO_9_2010,2,FEA189; AJ-VW-TK2233
VW,POLO UP,2016,2016 VW POLO UP dashboard interior OEM,POLO_UP_2016,2,YE-VW068 (11-312); YE-VW018 (11-312)
VW,TIGUAN 2017,2017,2017 VW TIGUAN 2017 dashboard interior OEM,TIGUAN_2017_2017,1,FEA198 (22-092)
VW,TOURAG / T5 -2009,2002-2010,2002 VW TOURAG / T5 -2009 dashboard interior OEM,TOURAG_T5_-2009_2002-2010,1,959009 (08-008)
VW,TOURAG / T5 -2009,2004-2010,2004 VW TOURAG / T5 -2009 dashboard interior OEM,TOURAG_T5_-2009_2004-2010,2,FA-VW TOURAG (08-008); FEA224 ((08-008)
