make,model,year_range,images_found,images_validated,images_saved,queries_tried,status,errors
ALFA,MITO,2008,23,5,5,1,SUCCESS,
AUDI,A3,1996-1999,23,5,5,1,SUCCESS,
AUDI,A3,2002-2008,23,5,5,1,SUCCESS,
AUDI,A3,2003-2008,23,5,5,1,SUCCESS,
AUDI,A3,2012,23,5,5,1,SUCCESS,
AUDI,A4,2002-2008,32,5,5,1,SUCCESS,
AUDI,A4,2008,33,5,5,1,SUCCESS,
AUDI,A4 A6 TT,1999-2002,33,5,5,1,SUCCESS,
AUDI,A4 B6 2000-2006,2004-2006,34,5,5,1,SUCCESS,
AUDI,TT,2006,23,5,5,1,SUCCESS,
BMW,1 SERIES E81/E82/E87/E88,2004-2011,23,5,5,1,SUCCESS,
BMW,1 SERIES E81/E82/E87/E88,2012,30,5,5,1,SUCCESS,
BMW,E46,1998-2005,37,5,5,1,SUCCESS,
BMW,E46,2005,23,5,5,1,SUCCESS,
BMW,E90,2004-2012,23,5,5,1,SUCCESS,
BMW,E90,2012,37,5,5,1,SUCCESS,
BMW,X5 / 5-SERIES 1995-2003,1999-2006,30,5,5,1,SUCCESS,
CHEVROLET,AVEO,2011-2013,36,5,5,1,SUCCESS,
CHEVROLET,AVEO SONIC,,23,5,5,1,SUCCESS,
CHEVROLET,CAPTIVA,2017,23,5,5,1,SUCCESS,
CHEVROLET,CAPTIVA AVEO,2011,23,5,5,1,SUCCESS,
CHEVROLET,CLASSIC CRUZE,,23,5,5,1,SUCCESS,
CHEVROLET,CRUZE,,36,5,5,1,SUCCESS,
CHEVROLET,SPARK,2015,30,5,5,1,SUCCESS,
CHEVROLET,"SPARK , DAEWOO MATIZ -2011",2010-2013,23,5,5,1,SUCCESS,
CHEVROLET,"SPARK , DAEWOO MATIZ -2011",2014,23,5,5,1,SUCCESS,
CHRYSLER,NEON,,22,5,5,1,SUCCESS,
DAIHATSU,SIRION,2008,23,5,5,1,SUCCESS,
DAIHATSU,TERIOS,,23,5,5,1,SUCCESS,
DAIHATSU,TERIOS O6-2016/ TOYOTA RUSH,2006-2026,37,5,5,1,SUCCESS,
FIAT,500,2007-2015,34,5,5,1,SUCCESS,
FIAT,500,2015,34,5,5,1,SUCCESS,
FORD,BANTAM FIESTA/IKON 1995-2004,2005-2011,30,5,5,1,SUCCESS,
FORD,FIESTA,,23,5,5,1,SUCCESS,
FORD,FIESTA,2014,23,5,5,1,SUCCESS,
FORD,FIESTA 3 SLOT,2001-2005,30,5,5,1,SUCCESS,
FORD,FIESTA/FOCUS/KUGA,2006-2008,37,5,5,1,SUCCESS,
FORD,FIGO,,23,5,5,1,SUCCESS,
FORD,FIGO,2019-2021,34,5,5,1,SUCCESS,
FORD,FIGO +,,36,5,5,1,SUCCESS,
FORD,FIGO ASPIRE,,34,5,5,1,SUCCESS,
FORD,FIGO ASPIRE/FREESTYLE,,23,5,5,1,SUCCESS,
FORD,FIGO POCKET,,23,5,5,1,SUCCESS,
FORD,FOCUS,2008,23,5,5,1,SUCCESS,
FORD,FOCUS,2018,23,5,5,1,SUCCESS,
FORD,FOCUS - (),2008,23,5,5,1,SUCCESS,
FORD,FOCUS/FIESTA,2011,36,5,5,1,SUCCESS,
FORD,KA,1996-2008,34,5,5,1,SUCCESS,
FORD,KUGA,,23,5,5,1,SUCCESS,
FORD,KUGA CMAX 2010+,2011,23,5,5,1,SUCCESS,
FORD,KUGA/ESCAPE,,23,5,5,1,SUCCESS,
FORD,RANGER,,23,5,5,1,SUCCESS,
FORD,RANGER,2015+,23,5,5,1,SUCCESS,
FORD,RANGER T6 & SWITCHES,2012-2015,23,5,5,1,SUCCESS,
FORD,RANGER T7,2015+,23,5,5,1,SUCCESS,
FORD,RANGER T7 +,,23,5,5,1,SUCCESS,
FORD,RANGER/EVEREST,2015+,23,5,5,1,SUCCESS,
FORD,RANGER/TRANSIT/TOURNEO,,23,5,5,1,SUCCESS,
FORD,TRANSIT,,23,5,5,1,SUCCESS,
FOTON,TAXI,,32,5,5,1,SUCCESS,
GWM,P SERIES +,,36,5,5,1,SUCCESS,
GWM,STEED 6 +,,35,5,5,1,SUCCESS,
HAVAL,H1,,23,5,5,1,SUCCESS,
HAVAL,H2,,23,5,5,1,SUCCESS,
HAVAL,H6,,34,5,5,1,SUCCESS,
HONDA,ACCORD,,37,5,5,1,SUCCESS,
HONDA,BRIO,2015,23,5,5,1,SUCCESS,
HONDA,BRV,,22,5,5,1,SUCCESS,
HONDA,CITY,2014,23,5,5,1,SUCCESS,
HONDA,CIVIC HATCHBACH,2017,23,5,5,1,SUCCESS,
HONDA,CIVIC TYPE-R,,34,5,5,1,SUCCESS,
HONDA,CRV,2012,35,5,5,1,SUCCESS,
HONDA,JAZZ,2008,30,5,5,1,SUCCESS,
HONDA,JAZZ,2013,35,5,5,1,SUCCESS,
HONDA,XRV,,30,5,5,1,SUCCESS,
HYUNDAI,ACCENT,2017,23,5,5,1,SUCCESS,
HYUNDAI,ACCENT/ I25/ VERNA,2010-2017,23,5,5,1,SUCCESS,
HYUNDAI,CRETA/IX25 +,,34,5,5,1,SUCCESS,
HYUNDAI,ELANTRA,,30,5,5,1,SUCCESS,
HYUNDAI,H1,2015,37,5,5,1,SUCCESS,
HYUNDAI,H1/STAREX +,,35,5,5,1,SUCCESS,
HYUNDAI,SANTA FE/ IX45,2015,35,5,5,1,SUCCESS,
HYUNDAI,SONATA,2008,23,5,5,1,SUCCESS,
HYUNDAI,SONATA,2014,23,5,5,1,SUCCESS,
HYUNDAI,TUCSON,2018,36,5,5,1,SUCCESS,
HYUNDAI,VELOSTER,,23,5,5,1,SUCCESS,
HYUNDAI,i10,,23,5,5,1,SUCCESS,
HYUNDAI,i10,2017,23,5,5,1,SUCCESS,
HYUNDAI,i20,,22,5,5,1,SUCCESS,
HYUNDAI,i20,2012,23,5,5,1,SUCCESS,
HYUNDAI,i20,2018,23,5,5,1,SUCCESS,
HYUNDAI,i20 - WITH MANUAL,2014,23,5,5,1,SUCCESS,
ISUZU,D-MAX,,33,5,5,1,SUCCESS,
ISUZU,D-MAX,2005,33,5,5,1,SUCCESS,
ISUZU,D-MAX,2019,30,5,5,1,SUCCESS,
JEEP,COMPASS,,23,5,5,1,SUCCESS,
JEEP,COMPASS,2007-2009,23,5,5,1,SUCCESS,
JEEP,GRAND CHEROKEE,1999-2004,23,5,5,1,SUCCESS,
JEEP,RENEGADE,2016+,23,5,5,1,SUCCESS,
JEEP,WRANGLER,2018+,23,5,5,1,SUCCESS,
JEEP,WRANGLER GRAND CHEROKEE -2010,2007-2016,35,5,5,1,SUCCESS,
JEEP,WRANGLER/RUBICORN,2011-2014,23,5,5,1,SUCCESS,
JEEP,WRANGLER/RUBICORN DOOR,2008-2010,23,5,5,1,SUCCESS,
KIA,CERATO,2012,23,5,5,1,SUCCESS,
KIA,FORTE CERATO,2012,23,5,5,1,SUCCESS,
KIA,K3/FORTE/SHUMA,,23,5,5,1,SUCCESS,
KIA,PICANTO,2023,23,5,5,1,SUCCESS,
KIA,PICANTO +,,23,5,5,1,SUCCESS,
KIA,RIO,2017,23,5,5,1,SUCCESS,
KIA,RIO +,,30,5,5,1,SUCCESS,
KIA,SORENTO,,23,5,5,1,SUCCESS,
KIA,SORENTO +,,23,5,5,1,SUCCESS,
KIA,SPORTAGE,2016,23,5,5,1,SUCCESS,
KIA,SPORTAGE/KX5,,22,5,5,1,SUCCESS,
LANDROVER,DISCOVERY FREELANDER,2009,23,5,5,1,SUCCESS,
LEXUS,RX300/330/350,2009,23,5,5,1,SUCCESS,
MAHINDRA,KUV100 +,,23,5,5,1,SUCCESS,
MAHINDRA,SCORPIO AUTO,,23,5,5,1,SUCCESS,
MAHINDRA,THAR,,23,5,5,1,SUCCESS,
MAHINDRA,XUV 500,,23,5,5,1,SUCCESS,
MAZDA,2,,23,5,5,1,SUCCESS,
MAZDA,3,2009,23,5,5,1,SUCCESS,
MAZDA,3,2013,23,5,5,1,SUCCESS,
MAZDA,3,2017,23,5,5,1,SUCCESS,
MAZDA,5,,37,5,5,1,SUCCESS,
MAZDA,5,2010,23,5,5,1,SUCCESS,
MAZDA,6,2004-2009,33,5,5,1,SUCCESS,
MAZDA,BT50,,22,5,5,1,SUCCESS,
MAZDA,BT50 - /DOOR LOCK BUTTONS,2018,23,5,5,1,SUCCESS,
MAZDA,MX-5,,23,5,5,1,SUCCESS,
MAZDA,RX-8,2008,23,5,5,1,SUCCESS,
MERCEDES,A/B-CLASS (W169/W245) - VITO VW CRAFTER,2013,23,5,5,1,SUCCESS,
MERCEDES,B200/VIANO VITO W209,2014,37,5,5,1,SUCCESS,
MERCEDES,C-CLASS,2011,36,5,5,1,SUCCESS,
MERCEDES,C-CLASS,2014,23,5,5,1,SUCCESS,
MERCEDES,C-CLASS GLK -2009,2004-2009,23,5,5,1,SUCCESS,
MERCEDES,E-CLASS W211,2002-2009,23,5,5,1,SUCCESS,
MERCEDES,M-CLASS W164,2005-2011,23,5,5,1,SUCCESS,
MERCEDES,SLK,2011,23,5,5,1,SUCCESS,
MERCEDES,SPRINTER /VW CRAFTER -2016,2006,23,5,5,1,SUCCESS,
MERCEDES,VITO,2003-2006,30,5,5,1,SUCCESS,
MERCEDES,VITO,2010,37,5,5,1,SUCCESS,
MERCEDES,VITO,2014-2018,23,5,5,1,SUCCESS,
MITSUBISHI,LANCER 10.1,,23,5,5,1,SUCCESS,
MITSUBISHI,NEW STRENGTH DAZZLE 10.1,,23,5,5,1,SUCCESS,
MITSUBISHI,OUTLANDER,2012,23,5,5,1,SUCCESS,
MITSUBISHI,PAJERO,2007+,23,5,5,1,SUCCESS,
MITSUBISHI,PAJERO SPORT,,23,5,5,1,SUCCESS,
MITSUBISHI,PAJERO SPORT/TRITON,,23,5,5,1,SUCCESS,
MITSUBISHI,PAJERO SPORT/TRITON,2015,23,5,5,1,SUCCESS,
NISSAN,JUKE,2016,23,5,5,1,SUCCESS,
NISSAN,LIVINA/NAVARA,,23,5,5,1,SUCCESS,
NISSAN,MAGNITE,,23,5,5,1,SUCCESS,
NISSAN,MICRA,,36,5,5,1,SUCCESS,
NISSAN,MICRA,2013,33,5,5,1,SUCCESS,
NISSAN,MICRA,2017,23,5,5,1,SUCCESS,
NISSAN,NAVARA,2006-2012,35,5,5,1,SUCCESS,
NISSAN,NAVARA,2015-2017,35,5,5,1,SUCCESS,
NISSAN,NAVARA / NP300,2016,30,5,5,1,SUCCESS,
NISSAN,NP200,,23,5,5,1,SUCCESS,
NISSAN,NP200 /DACIA,2009+,30,5,5,1,SUCCESS,
NISSAN,NP200 SUNNY /DACIA,2014-2018,23,5,5,1,SUCCESS,
NISSAN,QASHQAI,2014,33,5,5,1,SUCCESS,
NISSAN,UNIVERSAL LIVINA SIDE,2013,36,5,5,1,SUCCESS,
NISSAN,X-TRAIL/QASHQAI,,23,5,5,1,SUCCESS,
NISSAN,X-TRAIL/QASHQAI,2014,23,5,5,1,SUCCESS,
OPEL,ASTRA/GRAND LAND,2016,23,5,5,1,SUCCESS,
OPEL,CORSA +,,23,5,5,1,SUCCESS,
OPEL,CORSA /ADAM +,2014+,23,5,5,1,SUCCESS,
OPEL,CORSA/ASTRA,2001-2006,30,5,5,1,SUCCESS,
OPEL,CORSA/ASTRA,2015,36,5,5,1,SUCCESS,
OPEL,CORSA/ASTRA (),2006-2015,23,5,5,1,SUCCESS,
OPEL,CORSA/ASTRA (YE-OP004),2001-2006,21,5,5,1,SUCCESS,
OPEL,CORSA/ASTRA GREY (),2006-2015,23,5,5,1,SUCCESS,
PORSCHE,CAYENNE,,36,5,5,1,SUCCESS,
RENAULT,CAPTUR MANUAL,,36,5,5,1,SUCCESS,
RENAULT,CLIO,2016,23,5,5,1,SUCCESS,
RENAULT,CLIO,2018,23,5,5,1,SUCCESS,
RENAULT,DUSTER KWID 2017+,2010+,23,5,5,1,SUCCESS,
RENAULT,KADJAR,,22,5,5,1,SUCCESS,
RENAULT,KIGAR,,23,5,5,1,SUCCESS,
RENAULT,KWID,2017+,23,5,5,1,SUCCESS,
RENAULT,SANDERO,,37,5,5,1,SUCCESS,
RENAULT,TRAFFIC,2014,30,5,5,1,SUCCESS,
RENAULT,TRIBER,,34,5,5,1,SUCCESS,
RENAULT,TRIBER (RN-021),,35,5,5,1,SUCCESS,
SUBARU,FORESTER,2008-2012,23,5,5,1,SUCCESS,
SUZUKI,ALTO,2009-2014,37,5,5,1,SUCCESS,
SUZUKI,BALENO,2024,23,5,5,1,SUCCESS,
SUZUKI,BALENO (TOYOTA STARLET),2016-2022,23,5,5,1,SUCCESS,
SUZUKI,BREEZA/VITARA + (TOYOTA URBAN CRUISER),,22,5,5,1,SUCCESS,
SUZUKI,CELERIO,2014+,23,5,5,1,SUCCESS,
SUZUKI,CELERIO,2021,35,5,5,1,SUCCESS,
SUZUKI,CIAS,2022,30,5,5,1,SUCCESS,
SUZUKI,ERTIGA (TOYOTA RUMION),,22,5,5,1,SUCCESS,
SUZUKI,ERTIGA ONENAV (TOYOTA RUMION),2018+,23,5,5,1,SUCCESS,
SUZUKI,GRAND VITARA,2005-2010,37,5,5,1,SUCCESS,
SUZUKI,IGNIS +,,23,5,5,1,SUCCESS,
SUZUKI,JIMNY,2022,23,5,5,1,SUCCESS,
SUZUKI,SUSUKI JIMNY,2006-2012,23,5,5,1,SUCCESS,
SUZUKI,SUSUKI JIMNY,2012,34,5,5,1,SUCCESS,
SUZUKI,SUSUKI S-PRESSO,2022,32,5,5,1,SUCCESS,
SUZUKI,SWIFT,,34,5,5,1,SUCCESS,
SUZUKI,SWIFT +,,34,5,5,1,SUCCESS,
SUZUKI,SWIFT -2010/ DZIRE,2008-2010,35,5,5,1,SUCCESS,
SUZUKI,SWIFT -2017/ ERTIGA,2012-2017,37,5,5,1,SUCCESS,
SUZUKI,SX4,2013,23,5,5,1,SUCCESS,
SUZUKI,VITARA,2015+,23,5,5,1,SUCCESS,
TOYOTA,AURIS,2006-2012,23,5,5,1,SUCCESS,
TOYOTA,AURIS,2014+,35,5,5,1,SUCCESS,
TOYOTA,AVANZA,2016,37,5,5,1,SUCCESS,
TOYOTA,AVENSIS,2008,37,5,5,1,SUCCESS,
TOYOTA,AYGO +,,23,5,5,1,SUCCESS,
TOYOTA,COROLLA,2007-2013,23,5,5,1,SUCCESS,
TOYOTA,COROLLA,2013-2016,23,5,5,1,SUCCESS,
TOYOTA,COROLLA,2017,23,5,5,1,SUCCESS,
TOYOTA,COROLLA,2017+,37,5,5,1,SUCCESS,
TOYOTA,COROLLA,2019+,35,5,5,1,SUCCESS,
TOYOTA,COROLLA CROSS,,37,5,5,1,SUCCESS,
TOYOTA,COROLLA RUNX,2001-2006,23,5,5,1,SUCCESS,
TOYOTA,COROLLA RUNX,2006,23,5,5,1,SUCCESS,
TOYOTA,COROLLA VERSO,2009,30,5,5,1,SUCCESS,
TOYOTA,COROLLA/RUNX,2001-2006,37,5,5,1,SUCCESS,
TOYOTA,ETIOS +,,23,5,5,1,SUCCESS,
TOYOTA,FJ CRUIZER (),,23,5,5,1,SUCCESS,
TOYOTA,FJ CRUIZER () & HARNESS,,23,5,5,1,SUCCESS,
TOYOTA,FORTUNER +,,23,5,5,1,SUCCESS,
TOYOTA,HILUX,1998-2010,23,5,5,1,SUCCESS,
TOYOTA,HILUX,2011,23,5,5,1,SUCCESS,
TOYOTA,HILUX GD6,2015+,23,5,5,1,SUCCESS,
TOYOTA,HILUX GD6,2016+,36,5,5,1,SUCCESS,
TOYOTA,HILUX NEW,2016,35,5,5,1,SUCCESS,
TOYOTA,HILUX/FORTUNER,2008,23,5,5,1,SUCCESS,
TOYOTA,HILUX/FORTUNER,2015,23,5,5,1,SUCCESS,
TOYOTA,HILUX/FORTUNER - AUTO,2015,23,5,5,1,SUCCESS,
TOYOTA,LANDCRUISER 79,2015,23,5,5,1,SUCCESS,
TOYOTA,LANDCRUISER 79,2024,23,5,5,1,SUCCESS,
TOYOTA,LANDCRUISER PRADO,,23,5,5,1,SUCCESS,
TOYOTA,LANDCRUISER PRADO,2009,23,5,5,1,SUCCESS,
TOYOTA,LANDCRUISER VXR,2003,23,5,5,1,SUCCESS,
TOYOTA,QUANTUM,,23,5,5,1,SUCCESS,
TOYOTA,QUANTUM +,,37,5,5,1,SUCCESS,
TOYOTA,RAV4,2012,32,5,5,1,SUCCESS,
TOYOTA,RAV4,2013-2017,23,5,5,1,SUCCESS,
TOYOTA,RAV4,2016,23,5,5,1,SUCCESS,
TOYOTA,RAV4,2019,34,5,5,1,SUCCESS,
TOYOTA,VERSO,2009-2018,23,5,5,1,SUCCESS,
TOYOTA,YARIS,,23,5,5,1,SUCCESS,
TOYOTA,YARIS,2014,23,5,5,1,SUCCESS,
TOYOTA,YARIS 7,2014,23,5,5,1,SUCCESS,
TOYOTA,YARIS HATCH,,23,5,5,1,SUCCESS,
TOYOTA,YARIS SEDAN,,23,5,5,1,SUCCESS,
TOYOTA,YARIS T3 - (),2010,23,5,5,1,SUCCESS,
TOYOTA,YARIS/VIOS,,23,5,5,1,SUCCESS,
VW,CRAFTER +,,23,5,5,1,SUCCESS,
VW,FITMENT KIT,2018,23,5,5,1,SUCCESS,
VW,GOLF 4 POLO -2003,1999-2009,23,5,5,1,SUCCESS,
VW,GOLF 5/6,,30,5,5,1,SUCCESS,
VW,GOLF 5/6,2014,23,5,5,1,SUCCESS,
VW,GOLF 7,2017+,23,5,5,1,SUCCESS,
VW,GOLF 9 FIT,,37,5,5,1,SUCCESS,
VW,GOLF 9 FIT SS-AN-9200V,,30,5,5,1,SUCCESS,
VW,POLO,2011,33,5,5,1,SUCCESS,
VW,POLO 9,2010,35,5,5,1,SUCCESS,
VW,POLO UP,2016,23,5,5,1,SUCCESS,
VW,TIGUAN 2017,2017,23,5,5,1,SUCCESS,
VW,TOURAG / T5 -2009,2002-2010,23,5,5,1,SUCCESS,
VW,TOURAG / T5 -2009,2004-2010,23,5,5,1,SUCCESS,
